expediente;name;acao;grupo_assunto;assunto
02.000.00030/2017;02000000302017_6761978_Mandado_de_Intimacao_-_Proc_16374-70.2016.4.01.3200.pdf ;9;25;"531; 716; 972"
02.000.00035/2017;02000000352017_6774071_20170119_MANDADO_DE_CITACAO_-_181890520164013200.pdf ;50;27;"50; 254; 531; 558; 613; 620; 780"
02.000.00136/2017;02000001362017_6855379_20170127_PROCESSO_INTEGRAL_02_61.pdf ;47;26;"716; 975"
02.000.00136/2017;02000001362017_7321216_20170210_PETICAO_INICIAL.pdf ;47;26;"716; 975"
02.000.00145/2017;02000001452017_6901508_20170131_MANDADO_INTIMACAO_1000055-73.2017.4.01.3200.pdf ;43;11;246
02.000.00145/2017;02000001452017_7124270_1000055-73.2017.4.01.3200.pdf ;43;11;246
02.000.00186/2017;02000001862017_6948972_MANDADO_-_38-48.2017.4.01.3202.pdf ;50;27;"50; 415; 531; 558; 613; 749"
02.000.00186/2017;02000001862017_7388606_MANDADO_-_38-48.2017.4.01.3202.pdf ;50;27;"50; 415; 531; 558; 613; 749"
02.000.00290/2017;02000002902017_7166429_PETICAO_INICIAL_NP00025544720174.013200GR1.zip ;50;27;"50; 231; 531; 558; 780"
02.000.00318/2017;02000003182017_7140384_0002333-64.2017.4.01.3200_2.pdf ;50;28;"50; 249; 531; 640; 689"
02.000.00318/2017;02000003182017_7140385_0002333-64.2017.4.01.3200_3.pdf ;50;28;"50; 249; 531; 640; 689"
02.000.00318/2017;02000003182017_7140386_0002333-64.2017.4.01.3200_4.pdf ;50;28;"50; 249; 531; 640; 689"
02.000.00318/2017;02000003182017_7140387_0002333-64.2017.4.01.3200.pdf ;50;28;"50; 249; 531; 640; 689"
02.000.00318/2017;02000003182017_7140388_0002333-64.2017.4.01.3200_1.pdf ;50;28;"50; 249; 531; 640; 689"
02.000.00447/2017;02000004472017_7202859_CI_88_2017_1.pdf ;43;25;196
02.000.00447/2017;02000004472017_7202860_CI_88_2017_2.pdf ;43;25;196
02.000.00447/2017;02000004472017_7202861_CI_88_2017_3.pdf ;43;25;196
02.000.00447/2017;02000004472017_7202862_CI_88_2017_4.pdf ;43;25;196
02.001.00031/2017;02001000312017_6699679_20160112_MANDADO_DE_CITACAO.pdf ;47;11;"246; 531"
02.001.00056/2017;02001000562017_6773444_1_PETICAO_NP00064772520164014200GR1.zip ;50;82;"50; 353; 531; 644; 681"
02.001.00056/2017;02001000562017_6773445_2_PETICAO_NP00064772520164014200GR1.zip ;50;82;"50; 353; 531; 644; 681"
02.001.00057/2017;02001000572017_6773446_PETICAO_NP00059784120164014200GR1.zip ;50;27;"50; 231; 531"
02.001.00058/2017;02001000582017_6773447_PETICAO_NP00064755520164014200GR1.zip ;50;22;"50; 416; 531"
02.001.00059/2017;02001000592017_6773448_PETICAO_NP00063248920164014200GR1.zip ;50;3;"50; 291; 531; 558; 780"
02.001.00060/2017;02001000602017_6773449_PETICAO_NP00063802520164014200GR1.zip ;50;15;"50; 248; 531; 681; 943"
02.001.00061/2017;02001000612017_6773450_PETICAO_NP00058753420164014200GR1.zip ;50;82;"50; 531; 558; 641"
02.001.00065/2017;02001000652017_6773454_PETICAO_NP00058675720164014200GR1.zip ;50;4;"50; 531; 681; 936"
02.001.00066/2017;02001000662017_6773455_PETICAO_NP00055730520164014200GR1.zip ;50;27;"50; 231; 531; 558"
02.001.00068/2017;02001000682017_6773458_PETICAO_NP00064833220164014200GR1.zip ;50;22;"50; 416; 531"
02.001.00070/2017;02001000702017_6773463_PETICAO_NP00057341520164014200GR1.zip ;50;82;"50; 353; 531; 644; 681"
02.001.00123/2017;02001001232017_6892522_PETICAO_INICIAL.zip ;50;27;"50; 531; 558; 663"
02.001.00146/2017;02001001462017_6913573_20170202_MANDADO_DE_CITACAO.pdf ;50;27;"531; 620"
02.001.00148/2017;02001001482017_6949218_20170208_MANDADO_DE_CITACAO.pdf ;22;27;620
02.001.00153/2017;02001001532017_6963182_1000062-72.2017.4.01.4200.pdf ;47;27;620
02.001.00153/2017;02001001532017_7595030_20170412_1000062-72.2017.4.01.4200.pdf ;47;27;620
02.001.00203/2017;02001002032017_7101142_anexo2024475.pdf ;50;27;"50; 273; 531; 558"
02.001.00203/2017;02001002032017_7101143_anexo2024476.pdf ;50;27;"50; 273; 531; 558"
02.001.00203/2017;02001002032017_7101144_anexo2024477.pdf ;50;27;"50; 273; 531; 558"
02.001.00203/2017;02001002032017_7101145_anexo2024478.pdf ;50;27;"50; 273; 531; 558"
02.001.00203/2017;02001002032017_7101146_anexo2024479.pdf ;50;27;"50; 273; 531; 558"
02.001.00203/2017;02001002032017_7101147_anexo2024480(1).pdf ;50;27;"50; 273; 531; 558"
03.000.00163/2017;03000001632017_6667276_inicial_valquiria.pdf ;50;93;"50; 752"
03.000.00184/2017;03000001842017_6675414_inicial_benilde.pdf ;50;93;"50; 752"
03.000.00204/2017;03000002042017_6687727_inicial_00386959020164013300.pdf ;50;15;"50; 248; 780"
03.000.00204/2017;03000002042017_6689785_03.000.00204-2017.PDF ;50;15;"50; 248; 780"
03.000.00210/2017;03000002102017_6685652_inicial_edmar.pdf ;50;93;"50; 752; 753"
03.000.00248/2017;03000002482017_6700288_inicial_jose_martiano.pdf ;50;93;"50; 752; 753"
03.000.00261/2017;03000002612017_6707953_inicial_WELLIGTON.pdf ;50;93;"50; 752"
03.000.00316/2017;03000003162017_6711477_inicial_GILVANA.pdf ;50;93;"50; 756"
03.000.00372/2017;03000003722017_6718772_inicial_jose_lima.pdf ;50;93;"50; 752; 753"
03.000.00487/2017;03000004872017_6735551_inicial_adauto.pdf ;50;93;"50; 752; 753"
03.000.00504/2017;03000005042017_6742978_inicial_renan.pdf ;50;93;"50; 756"
03.000.00539/2017;03000005392017_6758534_inicial_andre.pdf ;50;93;"50; 752; 753"
03.000.00559/2017;03000005592017_6984437_Peticao_Inicial.pdf ;50;15;"50; 248; 254; 558; 749; 950"
03.000.00560/2017;03000005602017_6768043_inicial_erica.pdf ;50;93;"50; 756"
03.000.00561/2017;03000005612017_6768388_inicial_daniela.pdf ;50;93;"50; 756"
03.000.00589/2017;03000005892017_6789774_PETICAO_INICIAL_LUVIA_RIBEIRO_VIERA.pdf ;67;27;231
03.000.00731/2017;03000007312017_6795600_inicial_clivan.pdf ;8;11;"194; 246"
03.000.00914/2017;03000009142017_6808634_inicial_florisvaldo.pdf ;50;15;"50; 248; 644"
03.000.00940/2017;03000009402017_6814936_PETICAO_INICIAL_INGRID.pdf ;227;15;"248; 780"
03.000.00982/2017;03000009822017_6829584_inicial_luciene.pdf ;1;11;941
03.000.01016/2017;03000010162017_6831004_inicial_marilza.pdf ;50;93;"50; 756"
03.000.01017/2017;03000010172017_6831341_inicial_armando.pdf ;50;93;"50; 752; 753"
03.000.01018/2017;03000010182017_6831911_inicial_esmeraldo.pdf ;50;93;"50; 752; 753"
03.000.01023/2017;03000010232017_6840476_00001496520178050137.pdf ;50;27;"50; 231"
03.000.01023/2017;03000010232017_6841131_1.pdf ;50;27;"50; 231"
03.000.01053/2017;03000010532017_6839237_Inicial_kelly.pdf ;50;3;"50; 291; 780; 935"
03.000.01065/2017;03000010652017_6844186_inicial_fabio.pdf ;1;11;941
03.000.01100/2017;03000011002017_6856493_inicial_carlos.pdf1.pdf ;50;93;"50; 752; 753"
03.000.01211/2017;03000012112017_6868434_INICIAL_DE_ETNILDO_MATOS.pdf ;47;27;"50; 460; 566; 780"
03.000.01265/2017;03000012652017_6878227_1.pdf ;50;27;"50; 156; 273; 780"
03.000.01265/2017;03000012652017_6889582_dos_petidos_-_continuacao.pdf ;50;27;"50; 156; 273; 780"
03.000.01310/2017;03000013102017_6895173_01310-2017-001.pdf ;217;14;135
03.000.01310/2017;03000013102017_6938243_1.pdf ;217;14;135
03.000.01337/2017;03000013372017_6892352_INICIALMS_MARIA_EMILIA.pdf ;43;3;935
03.000.01388/2017;03000013882017_6900215_inicial_joselito.pdf ;50;93;"50; 756"
03.000.01403/2017;03000014032017_6906012_inicial.pdf ;24;32;"349; 973"
03.000.01539/2017;03000015392017_6907955_inicial_carla.pdf ;50;93;"50; 753; 756"
03.000.01542/2017;03000015422017_6908438_inicial_franklin.pdf ;50;93;"50; 752; 753"
03.000.01545/2017;03000015452017_6908693_inicial_zenilda.pdf ;50;93;"50; 752; 753"
03.000.01559/2017;03000015592017_6912480_inicial_jackson.pdf ;50;93;"50; 752; 753"
03.000.01615/2017;03000016152017_6931620_inicial_-_kauane.pdf ;50;82;"34; 50; 397; 558; 749; 780"
03.000.01615/2017;03000016152017_6931621_mandado_-_kauane.pdf ;50;82;"34; 50; 397; 558; 749; 780"
03.000.01618/2017;03000016182017_6934085_3933-24_2016_4_01_3308_-_JOSE_SCHITINE_LACERDA.pdf ;67;5;"128; 134"
03.000.01663/2017;03000016632017_6944956_CITACAO_ANTONIO_FEITOSA.pdf ;50;28;"50; 230; 637; 749"
03.000.01663/2017;03000016632017_6944957_inicial_antonio_feitosa_neto.pdf ;50;28;"50; 230; 637; 749"
03.000.01663/2017;03000016632017_6945945_01.pdf ;50;28;"50; 230; 637; 749"
03.000.01793/2017;03000017932017_7462144_01793-2017-02.pdf ;47;27;"50; 629; 780"
03.000.01834/2017;03000018342017_6998691_PETICAO_INICIAL.pdf ;50;82;"50; 164"
03.000.02093/2017;03000020932017_7753215_GENILTON_HENRIQUE_ALVES_JUNIOR_-_INICIAL.pdf ;50;27;"50; 197; 273; 780"
03.000.02296/2017;03000022962017_7235274_02296-2017-02.pdf ;47;27;"50; 264; 460; 543; 566; 663; 780"
03.000.02380/2017;03000023802017_7099160_3.pdf ;14;27;"50; 231; 636; 780"
03.000.02406/2017;03000024062017_7104396_Peticao_inicial_03.000.02406.2017.pdf ;50;28;"50; 640; 689; 749"
03.000.02552/2017;03000025522017_7140987_PET_INICIAL.pdf ;14;18;"50; 604"
03.000.02552/2017;03000025522017_7141147_INICIALJORGE.pdf ;14;18;"50; 604"
03.000.02704/2017;03000027042017_7167222_02704-2017_(2).pdf ;47;27;"156; 231; 566; 780"
03.000.02734/2017;03000027342017_7173411_1326-07.2017.4.01.3307_-_DARIO_CEZAR_PORTO.pdf ;67;5;"128; 134"
03.000.03190/2017;03000031902017_7256967_03190-2017-02.pdf ;47;25;"118; 214; 972"
03.000.03262/2017;03000032622017_7286774_03262-2017-02.pdf ;47;23;"50; 749"
03.000.04049/2017;03000040492017_7416961_1796-38.2017.4.01.3307_-_CARLOS_AUGUSTO_AGUIAR_SANTOS.pdf ;67;12;"128; 129; 130; 134; 447; 480; 481; 484"
03.000.04141/2017;03000041412017_7450458_04141-2017-02.pdf ;10;12;"129; 134"
03.000.04270/2017;03000042702017_7463919_ms.pdf ;43;25;"38; 214; 227"
03.000.05408/2017;03000054082017_7750421_200733020002370_-_LUCICLEA_CASSIANA_DE_JESUS].pdf ;28;12;"129; 135; 716"
03.000.06283/2017;03000062832017_7948105_1000783-08.2017.4.01.3300.pdf ;43;9;"366; 716"
03.000.06670/2017;03000066702017_8009037_1000966-76.2017.4.01.3300.pdf ;43;9;366
03.001.00013/2017;03001000132017_6643147_0002142-79.2016.8.05.0105.pdf ;50;15;"50; 780; 943"
03.001.00037/2017;03001000372017_6660874_ANEXO_GINAMERICO_ANDRADE_CRUZ.zip ;50;93;"50; 752"
03.001.00054/2017;03001000542017_6690379_ROSIMEIRE_ALVES_DE_JESUS.zip ;50;93;"50; 752"
03.001.00055/2017;03001000552017_6690413_DAVID_DE_JESUS_PEREIRA__________________.zip ;50;93;"50; 752"
03.001.00059/2017;03001000592017_6699655_MAILSON_MACHADO_SANTOS_(2).pdf ;50;93;"50; 752; 753"
03.001.00060/2017;03001000602017_6699664_JOAO_CARMO_DE_ARAUJO_(2).pdf ;50;93;"50; 752; 753"
03.001.00068/2017;03001000682017_6713043_inicial_Genuzia_Maria_de_Araujo(3).pdf ;50;15;"50; 97; 248; 644; 681; 943"
03.001.00068/2017;03001000682017_6713044_NOTIFICACAO_-_OBRIGACAO_DE_FAZER_-_Genuzia_Maria_de_Araujo_-_CEF_-_BA_(2).pdf;50;15;"50; 97; 248; 644; 681; 943"
03.001.00069/2017;03001000692017_6712975_ROSALVO_NASCIMENTO_DOS_SANTOS___________.zip ;50;93;"50; 752"
03.001.00069/2017;03001000692017_6712978_Rosalvo_consulta.pdf ;50;93;"50; 752"
03.001.00071/2017;03001000712017_6737071_Mandado_de_Intimacao_Mari_Leuza.pdf ;47;38;"17; 177; 623"
03.001.00072/2017;03001000722017_6739386_Inicial_Eliane_Silva_Oliveira.pdf ;50;37;"17; 177; 376"
03.001.00087/2017;03001000872017_6771529_MAURA_CARDOSO_DOS_SANTOS________________.zip ;50;93;"50; 752"
03.001.00089/2017;03001000892017_6773752_JOSENALDO_MOREIRA_BARBOSA_______________.zip ;50;93;"50; 752"
03.001.00091/2017;03001000912017_6773843_JOSENILSON_DA_HORA_DE_JESUS.zip ;50;93;"50; 752"
03.001.00106/2017;03001001062017_6821092_00047767720164013311_PARTE_1.pdf ;50;27;"50; 197; 415; 566"
03.001.00106/2017;03001001062017_6821093_00047767720164013311_PARTE_2.pdf ;50;27;"50; 197; 415; 566"
03.001.00106/2017;03001001062017_6821094_00047767720164013311_PARTE_3.pdf ;50;27;"50; 197; 415; 566"
03.001.00106/2017;03001001062017_6821095_00047767720164013311_PARTE_4.pdf ;50;27;"50; 197; 415; 566"
03.001.00106/2017;03001001062017_6821096_00047767720164013311_PARTE_5.pdf ;50;27;"50; 197; 415; 566"
03.001.00107/2017;03001001072017_6821113_00047992320164013311.pdf ;50;28;"50; 640; 749"
03.001.00109/2017;03001001092017_6820591_00047022320164013311_PARTE_1.pdf ;47;27;"197; 566"
03.001.00109/2017;03001001092017_6820592_00047022320164013311_PARTE_2.pdf ;47;27;"197; 566"
03.001.00109/2017;03001001092017_6820593_00047022320164013311_PARTE_3.pdf ;47;27;"197; 566"
03.001.00109/2017;03001001092017_6820594_00047022320164013311_PARTE_4.pdf ;47;27;"197; 566"
03.001.00109/2017;03001001092017_6820595_00047022320164013311_PARTE_5.pdf ;47;27;"197; 566"
03.001.00109/2017;03001001092017_6820596_00047022320164013311_PARTE_6.pdf ;47;27;"197; 566"
03.001.00109/2017;03001001092017_6820597_00047022320164013311_PARTE_7.pdf ;47;27;"197; 566"
03.001.00109/2017;03001001092017_6820598_00047022320164013311_PARTE_8.pdf ;47;27;"197; 566"
03.001.00109/2017;03001001092017_6820599_00047022320164013311_PARTE_9.pdf ;47;27;"197; 566"
03.001.00109/2017;03001001092017_6820600_00047022320164013311_PARTE_10.pdf ;47;27;"197; 566"
03.001.00109/2017;03001001092017_6820601_00047022320164013311_PARTE_11.pdf ;47;27;"197; 566"
03.001.00109/2017;03001001092017_6820602_00047022320164013311_PARTE_12.pdf ;47;27;"197; 566"
03.001.00109/2017;03001001092017_6820603_00047022320164013311_PARTE_13.pdf ;47;27;"197; 566"
03.001.00111/2017;03001001112017_6821231_00040267520164013311.pdf ;50;82;"50; 225"
03.001.00113/2017;03001001132017_6813540_05035124220168050006.pdf ;47;82;"50; 613; 780"
03.001.00126/2017;03001001262017_6857394_9806-08.2016.4.01.3307_-_ALENIR_OLIVEIRA_SANTOS.pdf ;50;27;"50; 315; 613; 780"
03.001.00128/2017;03001001282017_6857530_8053-16.2016.4.01.3307_-_V8_MOTO_SHOW_LTDA_(PARTE_1).pdf ;50;27;"50; 156; 566; 631; 980"
03.001.00128/2017;03001001282017_6857531_8053-16.2016.4.01.3307_-_V8_MOTO_SHOW_LTDA_(PARTE_2).pdf ;50;27;"50; 156; 566; 631; 980"
03.001.00128/2017;03001001282017_6857532_8053-16.2016.4.01.3307_-_V8_MOTO_SHOW_LTDA_(PARTE_3).pdf ;50;27;"50; 156; 566; 631; 980"
03.001.00128/2017;03001001282017_6857533_8053-16.2016.4.01.3307_-_V8_MOTO_SHOW_LTDA_(PARTE_4).pdf ;50;27;"50; 156; 566; 631; 980"
03.001.00128/2017;03001001282017_6857534_8053-16.2016.4.01.3307_-_V8_MOTO_SHOW_LTDA_(PARTE_5).pdf ;50;27;"50; 156; 566; 631; 980"
03.001.00128/2017;03001001282017_6857537_8053-16.2016.4.01.3307_-_V8_MOTO_SHOW_LTDA_(PARTE_6).pdf ;50;27;"50; 156; 566; 631; 980"
03.001.00128/2017;03001001282017_6857542_8053-16.2016.4.01.3307_-_V8_MOTO_SHOW_LTDA_(PARTE_7).pdf ;50;27;"50; 156; 566; 631; 980"
03.001.00128/2017;03001001282017_6857543_8053-16.2016.4.01.3307_-_V8_MOTO_SHOW_LTDA_(PARTE_8).pdf ;50;27;"50; 156; 566; 631; 980"
03.001.00128/2017;03001001282017_6857544_8053-16.2016.4.01.3307_-_V8_MOTO_SHOW_LTDA_(PARTE_9).pdf ;50;27;"50; 156; 566; 631; 980"
03.001.00128/2017;03001001282017_6857545_8053-16.2016.4.01.3307_-_V8_MOTO_SHOW_LTDA_(PARTE_10).pdf ;50;27;"50; 156; 566; 631; 980"
03.001.00129/2017;03001001292017_6857261_0331-91.2017.4.01.3307_-_YEALY_CHRYSTIE_GAMA_FARIAS_BRITO.pdf ;50;28;"50; 207; 225"
03.001.00131/2017;03001001312017_6857596_7675-60.2016.4.01.3307_-_IONE_ROSELY__NASCIMENTO_RAMPININI.pdf ;50;82;"50; 641; 749"
03.001.00133/2017;03001001332017_6858614_9789-69.2016.4.01.3007_-_CREUSA_ROTANDANO__BRITO_BENEVIDES.pdf ;50;82;"34; 50; 558; 780"
03.001.00135/2017;03001001352017_6857681_9457-05.2016.4.01.3007_-_JACIARA_DA_SILVA_LIMA.pdf ;50;14;"50; 558; 716"
03.001.00136/2017;03001001362017_6857670_0507-70.2017.4.01.3307_-_IZABEL_NOVAIS_CHAVES.pdf ;50;82;"50; 164; 558; 613"
03.001.00145/2017;03001001452017_6879537_00026661120164013310.pdf ;50;22;"50; 416"
03.001.00147/2017;03001001472017_6879551_00027873920164013310.pdf ;50;82;"50; 641; 749"
03.001.00148/2017;03001001482017_6879547_00027779220164013310.pdf ;50;82;"50; 164; 749"
03.001.00150/2017;03001001502017_6879556_00029918320164013310.pdf ;50;82;"50; 206; 780"
03.001.00151/2017;03001001512017_6879594_00030836120164013310.pdf ;50;82;"50; 558; 758"
03.001.00152/2017;03001001522017_6879582_00030255820164013310_parte_1.pdf ;50;16;"50; 373; 558; 749"
03.001.00152/2017;03001001522017_6879583_00030255820164013310_parte_2.pdf ;50;16;"50; 373; 558; 749"
03.001.00153/2017;03001001532017_6879560_00029987520164013310.pdf ;50;27;"231; 566"
03.001.00155/2017;03001001552017_6886375_00034533120164013313_parte_1.pdf ;50;38;"173; 475; 623"
03.001.00155/2017;03001001552017_6886376_00034533120164013313_parte_2.pdf ;50;38;"173; 475; 623"
03.001.00155/2017;03001001552017_6886377_00034533120164013313_parte_3.pdf ;50;38;"173; 475; 623"
03.001.00156/2017;03001001562017_6886295_00030506820164013311.pdf ;67;82;164
03.001.00158/2017;03001001582017_6879476_00058713920164013313.pdf ;50;82;"50; 164; 749"
03.001.00161/2017;03001001612017_6879523_00060264220164013313.pdf ;50;28;"50; 640"
03.001.00164/2017;03001001642017_6879526_00061580220164013313.pdf ;50;27;"50; 197; 460; 780"
03.001.00167/2017;03001001672017_6879263_00055527120164013313_parte_1.pdf ;50;28;"50; 230; 637"
03.001.00167/2017;03001001672017_6879264_00055527120164013313_parte_2.pdf ;50;28;"50; 230; 637"
03.001.00168/2017;03001001682017_6879521_00060142820164013313.pdf ;50;18;"50; 558; 604"
03.001.00169/2017;03001001692017_6879241_00052070820164013313.pdf ;50;93;"50; 755"
03.001.00177/2017;03001001772017_6879255_00055457920164013313.pdf ;50;27;"50; 629; 780"
03.001.00178/2017;03001001782017_6879234_00051023120164013313_parte_1.pdf ;50;27;"50; 701; 780"
03.001.00178/2017;03001001782017_6879235_00051023120164013313_parte_2.pdf ;50;27;"50; 701; 780"
03.001.00182/2017;03001001822017_6879178_00001455020174013313.pdf ;50;82;"50; 641; 749"
03.001.00183/2017;03001001832017_6879507_00059926720164013313.pdf ;50;82;"50; 641; 644; 749"
03.001.00184/2017;03001001842017_6879191_00001515720174013313_parte_1.pdf ;50;27;"50; 156; 231; 749"
03.001.00184/2017;03001001842017_6879192_00001515720174013313_parte_2.pdf ;50;27;"50; 156; 231; 749"
03.001.00192/2017;03001001922017_6912489_6882-24.2016.4.01.3307_-_MILTON_NOVAES_NASCIMENTO_-_FLS_02_a_25.pdf ;50;27;"50; 273; 558; 632"
03.001.00192/2017;03001001922017_6912490_6882-24.2016.4.01.3307_-_MILTON_NOVAES_NASCIMENTO_-_FLS_26_a_46.pdf ;50;27;"50; 273; 558; 632"
03.001.00192/2017;03001001922017_6912491_6882-24.2016.4.01.3307_-_MILTON_NOVAES_NASCIMENTO_-_FLS_68_a_79.pdf ;50;27;"50; 273; 558; 632"
03.001.00192/2017;03001001922017_6912492_8682-24.2016.4.01.3307_-_MILTON_NOVAES_NASCIMENTO_-_Fls_47_a_67.pdf ;50;27;"50; 273; 558; 632"
03.001.00193/2017;03001001932017_6912561_9299-47.2016.4.01.3307_-_POLIANA_MARIA_DA_SILVA.pdf ;50;27;"50; 415; 613; 780"
03.001.00194/2017;03001001942017_6912696_615-02.2017.4.01.3307_-_FATIMA_MARIA_SANTOS_FARIAS.pdf ;67;5;"128; 134"
03.001.00195/2017;03001001952017_6912593_436-68.2017.4.01.3307_-_ANDRE_DOS_SANTOS_BORGES.pdf ;50;82;"50; 641"
03.001.00196/2017;03001001962017_6912657_612-47.2017.4.01.3307_-_ELZA_PEREIRA_SOUZA.pdf ;50;27;231
03.001.00199/2017;03001001992017_6912442_705-10.2017.4.01.3307_-_LUCAS_BOMFIM_PEREIRA.pdf ;50;28;"50; 230; 637; 780"
03.001.00200/2017;03001002002017_6919180_7569-92.2016.4.01.3309_-_ALBERTO_CARLOS_ALVES_(PARTE_1).pdf ;50;28;"50; 637; 780"
03.001.00200/2017;03001002002017_6919181_7569-92.2016.4.01.3309_-_ALBERTO_CARLOS_ALVES_(PARTE_2).pdf ;50;28;"50; 637; 780"
03.001.00201/2017;03001002012017_6919160_8111-13.2016.4.01.3309_-_LUCIANO_DA_SILVA_ALMEIDA.pdf ;50;27;"50; 266; 558; 749; 780"
03.001.00203/2017;03001002032017_6919128_8540-77.2016.4.01.3309_-_RITA_RAIMUNDA_OLIVEIRA_MORAIS_AMORIM.pdf ;67;5;"128; 134"
03.001.00204/2017;03001002042017_6919222_2-73.2017.4.01.3309_-_FRANCISCO_DE_LIMA_FILHO_(PARTE_1).pdf ;50;27;"50; 197; 558"
03.001.00204/2017;03001002042017_6919223_2-73.2017.4.01.3309_-_FRANCISCO_DE_LIMA_FILHO_(PARTE_2).pdf ;50;27;"50; 197; 558"
03.001.00208/2017;03001002082017_6918341_00035316120164013301_PARTE_2.pdf ;67;5;"128; 134"
03.001.00208/2017;03001002082017_6918342_00035316120164013301_PARTE_1.pdf ;67;5;"128; 134"
03.001.00209/2017;03001002092017_6918408_00008269020164013301_PARTE_4.pdf ;50;27;"50; 231; 558; 636; 780"
03.001.00209/2017;03001002092017_6918409_00008269020164013301_PARTE_3.pdf ;50;27;"50; 231; 558; 636; 780"
03.001.00209/2017;03001002092017_6918410_00008269020164013301_PARTE_2.pdf ;50;27;"50; 231; 558; 636; 780"
03.001.00209/2017;03001002092017_6918411_00008269020164013301_PARTE_1.pdf ;50;27;"50; 231; 558; 636; 780"
03.001.00210/2017;03001002102017_6918454_00024978520154013301.pdf ;50;27;"50; 315; 558; 780"
03.001.00212/2017;03001002122017_6921477_00059181320164013313.pdf ;50;82;"34; 50; 180; 749"
03.001.00214/2017;03001002142017_6921438_00055240620164013313.pdf ;50;3;"50; 291; 780"
03.001.00218/2017;03001002182017_6920819_00055881620164013313.pdf ;50;27;"50; 197; 415; 613; 780"
03.001.00220/2017;03001002202017_6920804_00059866020164013313.pdf ;50;82;"34; 50; 558"
03.001.00223/2017;03001002232017_6920709_00058012220164013313.pdf ;50;82;"50; 558; 758"
03.001.00227/2017;03001002272017_6919016_00051196720164013313.pdf ;50;82;"50; 558; 641; 749"
03.001.00228/2017;03001002282017_6919010_00059354920164013313.pdf ;50;27;"50; 231; 780"
03.001.00229/2017;03001002292017_6918995_00056427920164013313.pdf ;50;14;"50; 468"
03.001.00231/2017;03001002312017_6918938_00052651120164013313.pdf ;50;82;"50; 558; 641; 749"
03.001.00232/2017;03001002322017_6918685_00052642620164013313.pdf ;50;28;"50; 637; 640; 749"
03.001.00236/2017;03001002362017_6918595_00061676120164013313.pdf ;50;38;"50; 623; 780"
03.001.00237/2017;03001002372017_6918089_DIONE_SILVA_NASCIMENTO.zip ;50;27;"50; 415; 701; 780"
03.001.00237/2017;03001002372017_6918152_Comprovante_de_contratacao_03.1305.400.0002366_00.pdf.zip ;50;27;"50; 415; 701; 780"
03.001.00237/2017;03001002372017_6918153_Planilha_de_evolucao_03.1305.400.0002366.00.pdf.zip ;50;27;"50; 415; 701; 780"
03.001.00238/2017;03001002382017_6918519_00005306820164013301.pdf ;50;82;"50; 641; 749; 758"
03.001.00240/2017;03001002402017_6929290_ATENILSON_OLIVEIRA_SANTOS_______________.zip ;50;93;"50; 752; 753"
03.001.00243/2017;03001002432017_6929810_00044285920164013311_PARTE_1.pdf ;50;3;"50; 935"
03.001.00243/2017;03001002432017_6929811_00044285920164013311_PARTE_2.pdf ;50;3;"50; 935"
03.001.00243/2017;03001002432017_6929812_00044285920164013311_PARTE_3.pdf ;50;3;"50; 935"
03.001.00243/2017;03001002432017_7145937_INICIAL_LARISSA_VIEIRA_RAMOS_DE_SOUZA.pdf ;50;3;"50; 935"
03.001.00248/2017;03001002482017_6935027_00053207420164013308_parte_1.pdf ;22;27;"273; 980"
03.001.00248/2017;03001002482017_6935028_00053207420164013308_parte_2.pdf ;22;27;"273; 980"
03.001.00248/2017;03001002482017_6935029_00053207420164013308_parte_3.pdf ;22;27;"273; 980"
03.001.00248/2017;03001002482017_6935030_00053207420164013308_parte_4.pdf ;22;27;"273; 980"
03.001.00248/2017;03001002482017_6935031_00053207420164013308_parte_5.pdf ;22;27;"273; 980"
03.001.00249/2017;03001002492017_6931865_4822-75.2016.4.01.3308_-_VALDIR_SOUZA_OLIVEIRA_(PARTE_1).pdf ;50;28;"50; 749; 781"
03.001.00249/2017;03001002492017_6931866_4822-75.2016.4.01.3308_-_VALDIR_SOUZA_OLIVEIRA_(PARTE_2).pdf ;50;28;"50; 749; 781"
03.001.00251/2017;03001002512017_6931933_3543-54.2016.4.01.3308_-_THIAGO_FORTE_DOS_SANTOS_(PARTE_1).pdf ;50;16;"50; 393; 716"
03.001.00251/2017;03001002512017_6931934_3543-54.2016.4.01.3308_-_THIAGO_FORTE_DOS_SANTOS_(PARTE_2).pdf ;50;16;"50; 393; 716"
03.001.00251/2017;03001002512017_6931935_3543-54.2016.4.01.3308_-_THIAGO_FORTE_DOS_SANTOS_(PARTE_3).pdf ;50;16;"50; 393; 716"
03.001.00251/2017;03001002512017_6931936_3543-54.2016.4.01.3308_-_THIAGO_FORTE_DOS_SANTOS_(PARTE_4).pdf ;50;16;"50; 393; 716"
03.001.00251/2017;03001002512017_6931937_3543-54.2016.4.01.3308_-_THIAGO_FORTE_DOS_SANTOS_(PARTE_5).pdf ;50;16;"50; 393; 716"
03.001.00252/2017;03001002522017_6931957_2913-95.2016.4.01.3308_-_RAIMUNDO_DE_OLIVEIRA_ABREU.pdf ;50;27;"50; 415; 613; 780"
03.001.00254/2017;03001002542017_6931976_2912-13.2016.4.01.3308_-_RAIMUNDO_DE_OLIVEIRA_ABREU.pdf ;50;27;"50; 197; 613; 780"
03.001.00255/2017;03001002552017_6931986_3883-95.2016.4.01.3308_-_JOSE_MARCOS_SILVA_SANTANA.pdf ;50;27;"50; 156; 231; 613"
03.001.00258/2017;03001002582017_6932033_3916-85.2016.4.01.3308_-_ROBERTO_SOUZA_NERY_DOS_SANTOS.pdf ;50;27;"50; 415; 749; 780"
03.001.00262/2017;03001002622017_6932086_3876-06.2016.4.01.3308_-_PIRES_E_CORREA_LTDA_-_ME.pdf ;50;27;"631; 749"
03.001.00276/2017;03001002762017_7014222_9459-72.2016.4.01.3307_-_EDGAR_BARRETO_DOS_SANTOS_(REPRESENTADO_POR_ANGELA_MA;50;82;"50; 397; 558; 613"
03.001.00277/2017;03001002772017_7014225_9774-03.2016.4.01.3307-_JOSE_DE_SOUSA_RAMOS.pdf ;50;82;"50; 397; 448; 558; 613; 780"
03.001.00281/2017;03001002812017_7014188_790-93.2017.4.01.3307_-_ILDA_BISPO_OLIVEIRA.pdf ;50;82;"50; 225; 749"
03.001.00285/2017;03001002852017_7014214_8222-94.2016.4.01.3309_-_LUIS_HENRIQUE_NORMANDE_SOARES.pdf ;50;28;"50; 230"
03.001.00286/2017;03001002862017_7014221_8396-06.2016.4.01.3309_-_MARIVALDO_DE_JESUS_CASTRO.pdf ;50;27;"50; 197; 558; 613; 780"
03.001.00287/2017;03001002872017_7014144_1-88.2017.4.01.3309_-_SHEILLA_CATARINE_LOPES_ASSUNCAO_CARDOSO.pdf ;50;32;"50; 558; 780"
03.001.00288/2017;03001002882017_6986768_00037801220164013301.pdf ;50;27;"50; 315; 558; 780"
03.001.00291/2017;03001002912017_6986866_00036753520164013301.pdf ;50;82;"50; 558; 646; 780"
03.001.00292/2017;03001002922017_6986891_00040702720164013301.pdf ;50;82;"50; 558; 641; 780"
03.001.00294/2017;03001002942017_6986929_00024308620164013301.pdf ;47;5;"128; 134"
03.001.00295/2017;03001002952017_6986971_00024325620164013301.pdf ;47;5;"128; 134"
03.001.00303/2017;03001003032017_6989117_00057414920164013313.pdf ;8;27;"663; 716"
03.001.00304/2017;03001003042017_6989212_00056790920164013313.pdf ;50;32;"50; 567; 648; 749"
03.001.00311/2017;03001003112017_6989516_00001672020174013310.pdf ;50;28;"50; 640"
03.001.00324/2017;03001003242017_7000627_00054591720164013311.pdf ;50;28;"50; 548; 749"
03.001.00325/2017;03001003252017_7000840_00032715120164013311.pdf ;50;82;"50; 558; 564; 646; 749; 780"
03.001.00328/2017;03001003282017_7000860_00050617020164013311.pdf ;50;82;"50; 353; 558"
03.001.00335/2017;03001003352017_7012316_00054886720164013311.pdf ;1;8;"716; 938"
03.001.00336/2017;03001003362017_7012384_00022012920164013301.pdf ;50;82;"50; 644"
03.001.00337/2017;03001003372017_7012399_00013066820164013301.pdf ;50;28;"50; 689"
03.001.00341/2017;03001003412017_7012480_00054497020164013311.pdf ;67;27;"566; 697; 716"
03.001.00343/2017;03001003432017_7012580_00055033620164013311.pdf ;50;82;"50; 164; 558; 749"
03.001.00350/2017;03001003502017_7033160_2911-28.2016.4.01.3308-_ALEXANDRO_RIBEIRO_DE_OLIVEIRA.pdf ;50;82;"50; 397; 613; 780"
03.001.00353/2017;03001003532017_7033148_225-29.2017.4.01.33078_-_F_VAZ_CORDEIRO_E_OUTRO.pdf ;50;27;"50; 265; 558; 780"
03.001.00357/2017;03001003572017_7038448_792-63.2017.4.01.3307_-_MARCOS_LIMA_BORGES.pdf ;50;28;"50; 640; 689; 691; 749"
03.001.00358/2017;03001003582017_7038287_868-87.2017.4.01.3307_-_AMAELSON_DE_JESUS_SOARES.pdf ;50;82;"50; 468; 558; 749"
03.001.00359/2017;03001003592017_7038349_910-39.2017.4.01.3307_-_PRATES_E_MEDEIROS_LTDA_-_ME_(PARTE_1).pdf ;47;27;"156; 545; 566; 629"
03.001.00359/2017;03001003592017_7038351_910-39.2017.4.01.3307_-_PRATES_E_MEDEIROS_LTDA_-_ME_(PARTE_2).pdf ;47;27;"156; 545; 566; 629"
03.001.00360/2017;03001003602017_7038337_1014-31.2017.4.01.3307_-_JOSE_ANTONIO_GONCALVES.pdf ;50;27;"50; 156; 415; 558; 613; 780"
03.001.00361/2017;03001003612017_7038301_1048-06.2017.4.01.3307_-_LUCIANO_ROCHA.pdf ;50;82;"50; 397; 613"
03.001.00362/2017;03001003622017_7038228_1095-77.2017.4.01.3307_-_ANA_MARIA_DA_SILVA_(PARTE_1).pdf ;50;27;"50; 231; 558; 780"
03.001.00362/2017;03001003622017_7038230_1095-77.2017.4.01.3307_-_ANA_MARIA_DA_SILVA_-_PARTE_2.pdf ;50;27;"50; 231; 558; 780"
03.001.00363/2017;03001003632017_7038198_1097-47.2017.4.01.3307_-_MARIA_AGDA_GONZAGA_SANTOS.pdf ;50;27;"50; 231; 558; 780"
03.001.00364/2017;03001003642017_7038269_1099-17.2017.4.01.3307_-_MARIA_ALVES_SANTOS.pdf ;50;27;"50; 231; 558; 780"
03.001.00384/2017;03001003842017_7059514_00036026320164013301_parte_2.pdf ;50;82;"34; 50; 558; 780"
03.001.00384/2017;03001003842017_7059515_00036026320164013301_parte_1.pdf ;50;82;"34; 50; 558; 780"
03.001.00391/2017;03001003912017_7058899_00039343020164013301.pdf ;47;7;103
03.001.00430/2017;03001004302017_7080117_00002113920174013310.pdf ;50;27;"50; 415; 558; 780"
03.001.00433/2017;03001004332017_7080261_00030350520164013310.pdf ;50;27;"50; 558; 613; 663; 780"
03.001.00435/2017;03001004352017_7080164_00002572820174013310.pdf ;50;21;"50; 99; 749"
03.001.00435/2017;03001004352017_7088604_03001004352017.pdf ;50;21;"50; 99; 749"
03.001.00436/2017;03001004362017_7080145_00030827620164013310.pdf ;67;84;"50; 173; 475; 749"
03.001.00436/2017;03001004362017_7088554_03001004362017.pdf ;67;84;"50; 173; 475; 749"
03.001.00463/2017;03001004632017_7122117_00041655720164013301.pdf ;50;29;"50; 603; 749"
03.001.00476/2017;03001004762017_7122471_00004307920174013301.pdf ;50;34;"50; 441; 558; 749"
03.001.00510/2017;03001005102017_7172833_00063815220164013313_PARTE_1.pdf ;50;34;"50; 475; 729; 749"
03.001.00510/2017;03001005102017_7172834_00063815220164013313_PARTE_2.pdf ;50;34;"50; 475; 729; 749"
03.001.00650/2017;03001006502017_7330223_00006634620174013311.pdf ;50;32;"50; 681"
03.001.00683/2017;03001006832017_7396776_1702-90.2017.4.01.3307_-_DORACEUMA_MARIA_DE_JESUS.pdf ;50;8;"50; 558; 937"
03.001.00825/2017;03001008252017_7589688_03001008252017.pdf ;47;25;196
03.001.01192/2017;03001011922017_8049574_00008652320174013311.pdf ;50;81;"50; 54; 225; 558"
04.000.00015/2017;04000000152017_6640292_NP00732875420164013400GR1.pdf ;47;6;"531; 684"
04.000.00096/2017;04000000962017_6690213_NP10008266720164013400GR1_DT27012016_CD5083.pdf ;43;4;"167; 531"
04.000.00097/2017;04000000972017_6690214_1_pdfsam_NP10086074320164013400GR1_DT27102016_CD5083.pdf ;43;4;"167; 531"
04.000.00097/2017;04000000972017_6690215_104_pdfsam_NP10086074320164013400GR1_DT27102016_CD5083.pdf ;43;4;"167; 531"
04.000.00098/2017;04000000982017_6690216_1_pdfsam_NP10098623620164013400GR1_DT14122016_CD5083.pdf ;43;11;"531; 941"
04.000.00098/2017;04000000982017_6690217_26_pdfsam_NP10098623620164013400GR1_DT14122016_CD5083.pdf ;43;11;"531; 941"
04.000.00098/2017;04000000982017_6690218_51_pdfsam_NP10098623620164013400GR1_DT14122016_CD5083.pdf ;43;11;"531; 941"
04.000.00098/2017;04000000982017_6690219_76_pdfsam_NP10098623620164013400GR1_DT14122016_CD5083.pdf ;43;11;"531; 941"
04.000.00098/2017;04000000982017_6690220_101_pdfsam_NP10098623620164013400GR1_DT14122016_CD5083.pdf ;43;11;"531; 941"
04.000.00103/2017;04000001032017_6707673_NP00526273920164013400GR1DT12012017CD5083.pdf ;10;16;"489; 531"
04.000.00104/2017;04000001042017_6707674_NP00655101820164013400GR1DT12012017CD5083.pdf ;10;16;"489; 531"
04.000.00105/2017;04000001052017_6707675_NP00640647720164013400GR1DT12012017CD5083.pdf ;10;16;"489; 531"
04.000.00112/2017;04000001122017_6719205_PETICAO_INICIAL.pdf ;50;15;"248; 531; 749; 943"
04.000.00144/2017;04000001442017_6731455_NP00480597720164013400GR1DT16012017CD5083.pdf ;47;28;"50; 544; 749"
04.000.00173/2017;04000001732017_6743329_SAMUEL_ALVES_PETICAO_INICIAL_001732017.pdf ;50;27;"50; 415; 531; 780"
04.000.00175/2017;04000001752017_6743330_FABIO_DONATO_001752017.pdf ;50;15;"50; 531; 780; 943"
04.000.00175/2017;04000001752017_7119531_documentos.pdf ;50;15;"50; 531; 780; 943"
04.000.00177/2017;04000001772017_7118409_anexo12245198.pdf ;50;15;"50; 248; 531; 942"
04.000.00188/2017;04000001882017_7595801_INICIAL_.pdf ;50;28;"50; 640"
04.000.00192/2017;04000001922017_7118876_anexo12315314.pdf ;47;82;"225; 531"
04.000.00200/2017;04000002002017_6752152_NP00339774120164013400GR1_DT01062016.pdf ;14;82;"50; 531; 613; 780"
04.000.00202/2017;04000002022017_6752154_NP00559488220164013400GR1_DT21092016.pdf ;50;82;"50; 531; 605; 780"
04.000.00204/2017;04000002042017_6752156_NP00619852820164013400GR1_DT19102016.pdf ;50;15;"50; 531; 780; 946"
04.000.00205/2017;04000002052017_6752157_NP00644978120164013400GR1_DT03112016.pdf ;237;15;"50; 531; 780"
04.000.00208/2017;04000002082017_6752160_NP00611227220164013400GR1_DT13102016.pdf ;47;15;"531; 605; 780"
04.000.00209/2017;04000002092017_6752161_NP00628106920164013400GR1_DT20102016.pdf ;50;15;"254; 531; 681"
04.000.00211/2017;04000002112017_6752163_NP00329311720164013400GR1_DT30052016.pdf ;14;82;"50; 531; 780"
04.000.00213/2017;04000002132017_6752164_NP00635554920164013400GR1_DT27102016.pdf ;14;15;"50; 531; 780"
04.000.00257/2017;04000002572017_6778352_NP10097584420164013400GR1_-_09.12.2016.pdf ;43;25;"214; 531"
04.000.00260/2017;04000002602017_6778865_NP07384084320168070016GR1_-_15.12.2016.pdf ;50;93;"50; 756"
04.000.00279/2017;04000002792017_6786694_NP00636577120164013400GR1_DT27102016.pdf ;14;82;"50; 531; 780"
04.000.00279/2017;04000002792017_7117074_anexo12644180-1.pdf ;14;82;"50; 531; 780"
04.000.00281/2017;04000002812017_6786695_NP00557192520164013400GR1_DT19092016.pdf ;14;82;"50; 531; 780"
04.000.00282/2017;04000002822017_6786696_NP00047198320164013400GR1_DT27012016.pdf ;14;15;"50; 531; 641; 780"
04.000.00283/2017;04000002832017_6786697_NP00234892720164013400GR1_DT24042016.pdf ;50;15;"50; 531; 641"
04.000.00285/2017;04000002852017_8073157_NP00586925020164013400GR1_DT30092016_CD5083.pdf ;50;82;"50; 254; 397; 531; 681; 749"
04.000.00291/2017;04000002912017_6786708_NP00668717020164013400GR1_DT10112016.pdf ;10;15;"50; 254; 531; 612"
04.000.00293/2017;04000002932017_6786710_NP00620164820164013400GR1_DT19102016.pdf ;50;15;"50; 248; 531; 558"
04.000.00294/2017;04000002942017_6786711_NP00560743520164013400GR1_DT22092016.pdf ;50;82;"50; 531; 613; 780"
04.000.00295/2017;04000002952017_6786712_NP00708330420164013400GR1_DT23112016.pdf ;50;27;"50; 231; 531; 605; 716"
04.000.00296/2017;04000002962017_6786713_NP00278257420164013400GR1_DT02052016.pdf ;14;15;"50; 531; 681"
04.000.00424/2017;04000004242017_6813211_NP00089947520164013400GR1_DT12022016.pdf ;14;82;"50; 531; 613"
04.000.00425/2017;04000004252017_6813213_NP00423305120084013400GR1_DT01022008.pdf ;67;29;"531; 716"
04.000.00427/2017;04000004272017_6813214_NP00757272320164013400GR1_DT16122016.pdf ;50;27;"50; 266; 531; 613"
04.000.00506/2017;04000005062017_6829165_NP00716827320164013400GR1_DT25112016_CD5083.pdf ;47;3;"566; 780"
04.000.00509/2017;04000005092017_6829167_NP00654013820154013400GR1_DT05112015_CD5083.pdf ;1;14;941
04.000.00531/2017;04000005312017_6852787_NP00763352120164013400GR1DT27012017CD5083.pdf ;227;5;128
04.000.00532/2017;04000005322017_6852788_NP00009442620174013400GR1DT27012017CD5083.pdf ;227;5;128
04.000.00535/2017;04000005352017_6836337_NP00043002920174013400GR1_DT20012017.pdf ;50;14;"50; 468"
04.000.00570/2017;04000005702017_7541010_NP00563648420154013400GR1_-_24.09.2015.pdf ;26;21;"118; 531"
04.000.00572/2017;04000005722017_7539954_NP00565683120154013400GR1_-_24.09.2015.pdf ;26;21;"118; 531"
04.000.00575/2017;04000005752017_7541011_NP00565848220154013400GR1_-_24.09.2015.pdf ;26;21;"118; 531"
04.000.00577/2017;04000005772017_7539955_NP00565969620154013400GR1_-_24.09.2015.pdf ;26;21;"118; 531"
04.000.00579/2017;04000005792017_7539956_NP00566020620154013400GR1_-_24.09.2015.pdf ;26;21;"118; 531"
04.000.00583/2017;04000005832017_6852942_NP00013645320164013501GR1DT27012017CD5083.pdf ;50;27;"50; 421"
04.000.00587/2017;04000005872017_6852946_NP00014684520164013501GR1DT27012017CD5083.pdf ;227;27;"50; 266; 566"
04.000.00600/2017;04000006002017_6854685_NP00631216020164013400GR1_-_26.10.2016.pdf ;50;82;"50; 225; 749"
04.000.00624/2017;04000006242017_6870703_NP00610205020164013400GR1DT31012017CD5083.pdf ;14;28;"50; 230"
04.000.00705/2017;04000007052017_6869405_NP00029199020164013506GR1DT31012017CD5083.pdf ;2;27;"50; 749"
04.000.00706/2017;04000007062017_6869406_NP00013375520164013506GR1DT31012017CD5083.pdf ;50;82;"50; 780"
04.000.00708/2017;04000007082017_6870707_NP00004775420164013506GR1DT31012017CD5083.pdf ;227;27;"566; 697; 780"
04.000.00709/2017;04000007092017_6870708_NP00012709020164013506GR1DT31012017CD5083.pdf ;8;21;99
04.000.00710/2017;04000007102017_6870709_NP00033303620164013506GR1DT31012017CD5083.pdf ;227;27;"620; 780"
04.000.00711/2017;04000007112017_6870710_NP00004766920164013506GR1DT31012017CD5083.pdf ;7;27;"566; 697"
04.000.00716/2017;04000007162017_6958736_NP00644821520164013400GR1CD5070DT28102016.pdf ;50;28;"50; 691"
04.000.00716/2017;04000007162017_6996432_NP00644821520164013400GR1_DT28102016_CD5083.pdf ;50;28;"50; 691"
04.000.00769/2017;04000007692017_7675564_INICIAL.PDF ;50;82;"50; 397; 468; 749; 990"
04.000.00780/2017;04000007802017_6958745_NP00024321620174013400GR1CD5070DT10012017.pdf ;50;28;"50; 207; 691; 749"
04.000.00780/2017;04000007802017_6994884_NP00024321620174013400GR1_DT23122016_CD5083.pdf ;50;28;"50; 207; 691; 749"
04.000.00780/2017;04000007802017_6995159_NP00024321620174013400GR1_DT23122016_CD5083.pdf ;50;28;"50; 207; 691; 749"
04.000.00780/2017;04000007802017_6996442_NP00024321620174013400GR1_DT23122016_CD5083.pdf ;50;28;"50; 207; 691; 749"
04.000.00957/2017;04000009572017_6905280_NP10074910220164013400GR1_DT05092016_CD5083.pdf ;45;38;"531; 623"
04.000.00967/2017;04000009672017_7309913_Peticao_Inicial.pdf ;47;38;623
04.000.00979/2017;04000009792017_6909979_NP00746914320164013400GR1DT03022017CD5083VOL01.pdf ;10;30;"509; 677; 749"
04.000.00979/2017;04000009792017_6909980_NP00746914320164013400GR1DT03022017CD5083VOL02.pdf ;10;30;"509; 677; 749"
04.000.01096/2017;04000010962017_6929920_NP00001429820174013506GR1DT07022017CD5083.pdf ;50;28;"50; 230; 637; 749"
04.000.01110/2017;04000011102017_6929925_NP00001394620174013506GR1DT07022017CD5083.pdf ;227;27;"50; 264; 566; 983"
04.000.01111/2017;04000011112017_6929926_NP00033883920164013506GR1DT07022017CD5083.pdf ;227;27;"50; 264; 632; 983"
04.000.01112/2017;04000011122017_6929927_NP00000927220174013506GR1DT07022017CD5083.pdf ;227;27;"50; 264; 273; 983"
04.000.01148/2017;04000011482017_6938858_00056911920174013400.pdf ;50;27;"50; 531; 620; 780"
04.000.01255/2017;04000012552017_6996487_NP00219554820164013400GR1_DT11042016_CD5083.pdf ;47;28;"207; 691"
04.000.01256/2017;04000012562017_6996708_1_pdfsam_NP00708279420164013400GR1_DT22112016_CD5083.pdf ;47;28;"50; 749; 757"
04.000.01256/2017;04000012562017_6996711_6_pdfsam_NP00708279420164013400GR1_DT22112016_CD5083.pdf ;47;28;"50; 749; 757"
04.000.01257/2017;04000012572017_6967631_anexo12851762.pdf ;47;28;"50; 207"
04.000.01257/2017;04000012572017_6996488_NP00741276420164013400GR1_DT05122016_CD5083.pdf ;47;28;"50; 207"
04.000.01259/2017;04000012592017_6996490_NP00629328220164013400GR1_DT21102016_CD5083.pdf ;47;27;"233; 273"
04.000.01261/2017;04000012612017_6996491_NP00049030520174013400GR1_DT23012017_CD5083.pdf ;47;28;"225; 531"
04.000.01263/2017;04000012632017_6943688_0040817-67.2016.4.01.3400__-_PET_INCIAL.pdf ;50;82;"50; 397; 531; 780"
04.000.01263/2017;04000012632017_6996493_NP00408176720164013400GR1_DT04072016_CD5083.pdf ;50;82;"50; 397; 531; 780"
04.000.01264/2017;04000012642017_6996494_NP00518817420164013400GR1_DT25082016_CD5083.pdf ;47;28;"548; 689; 749"
04.000.01268/2017;04000012682017_6996496_NP00669487920164013400GR1_DT08112016_CD5083.pdf ;47;27;"50; 231; 233; 558"
04.000.01270/2017;04000012702017_6996499_NP00557054120164013400GR1_DT19122016_CD5083.pdf ;47;28;"50; 691; 749"
04.000.01271/2017;04000012712017_6996500_NP00742072820164013400GR1_DT06122016_CD5083.pdf ;47;28;359
04.000.01272/2017;04000012722017_6996501_NP00750421620164013400GR1_DT10122016_CD5083.pdf ;47;28;"50; 640"
04.000.01283/2017;04000012832017_6996513_NP00552143420164013400GR1_DT14092016_CD5083.pdf ;47;27;"50; 231; 558"
04.000.01283/2017;04000012832017_7018234_pet._inicial_reinaldo_alves_dourado_proc._00552143420164013400.pdf ;47;27;"50; 231; 558"
04.000.01284/2017;04000012842017_6996514_NP00552151920164013400GR1_DT14092016_CD5083.pdf ;47;27;"50; 231; 558"
04.000.01285/2017;04000012852017_6996515_NP00582828920164013400GR1_DT23092016_CD5083.pdf ;47;27;"50; 531; 613"
04.000.01290/2017;04000012902017_6996520_NP00628289020164013400GR1_DT20102016_CD5083.pdf ;47;27;"50; 558; 749"
04.000.01294/2017;04000012942017_7365751_orlando_inicial.pdf ;47;27;"50; 231; 531; 558"
04.000.01298/2017;04000012982017_6996527_NP00649610820164013400GR1_DT03112016_CD5083.pdf ;47;27;"50; 231; 531; 749"
04.000.01307/2017;04000013072017_6996537_NP00741934420164013400GR1_DT06122016_CD5083.pdf ;47;1;"97; 531"
04.000.01310/2017;04000013102017_6996541_NP00757471420164013400GR1_DT14122016_CD5083.pdf ;47;27;"50; 531; 780"
04.000.01315/2017;04000013152017_6996550_NP00254319420164013400GR1_DT25042016_CD5083.pdf ;47;82;"50; 143; 531"
04.000.01319/2017;04000013192017_6996554_NP00542183620164013400GR1_DT06092016_CD5083.pdf ;47;27;"50; 531; 613"
04.000.01320/2017;04000013202017_6996861_NP00552195620164013400GR1_DT14092016_CD5083.pdf ;47;82;"50; 531; 780"
04.000.01321/2017;04000013212017_7340305_inicial_.pdf ;47;82;"50; 531; 558"
04.000.01740/2017;04000017402017_7025465_NP00758952520164013400GR1_DT15122016_CD5083.pdf ;10;13;"135; 724"
04.000.01751/2017;04000017512017_7030187_NP10007726720174013400GR1CD5083DT15022017.pdf ;43;25;"50; 268; 531; 749"
04.000.01854/2017;04000018542017_7025509_NP00715553820164013400GR1_DT24112016_CD5083.pdf ;1;8;"531; 937"
04.000.01871/2017;04000018712017_7041091_NP00547596920164013400GR1_DT12092016_CD5083.pdf ;47;8;"531; 937"
04.000.01871/2017;04000018712017_7342850_INICIAL.pdf ;47;8;"531; 937"
04.000.01872/2017;04000018722017_7041093_NP00547613920164013400GR1_DT12092016_CD5083.pdf ;47;8;"531; 937"
04.000.01874/2017;04000018742017_7041096_NP00422804420164013400GR1_DT12072016_CD5083.pdf ;10;81;254
04.000.01896/2017;04000018962017_7040090_NP00069651820174013400GR1CD5083DT08022017.pdf ;47;1;"97; 531"
04.000.01910/2017;04000019102017_7174572_petiCAO_inicial_RUTH_MARY.pdf ;47;44;"928; 930"
04.000.02029/2017;04000020292017_7065092_NP00031683420174013400GR1_DT16012017_CD5083.pdf ;47;84;"50; 531"
04.000.02325/2017;04000023252017_7173566_NP00051776620174013400VOL01GR1DT06032017CD5083.pdf ;10;31;"70; 728"
04.000.02325/2017;04000023252017_7173567_NP00051776620174013400VOL02GR1DT06032017CD5083.pdf ;10;31;"70; 728"
04.000.02326/2017;04000023262017_7173568_NP00067097520174013400VOL01GR1DT06032017CD5083.pdf ;10;31;"70; 728"
04.000.02326/2017;04000023262017_7173569_NP00067097520174013400VOL02GR1DT06032017CD5083.pdf ;10;31;"70; 728"
04.000.02536/2017;04000025362017_7356180_Cabeceira_Grande.pdf ;47;25;196
04.000.02596/2017;04000025962017_7268655_NP10099861920164013400GR1_-_20.12.2016.pdf ;43;25;"210; 214; 531"
04.000.02607/2017;04000026072017_7271689_NP00354696820164013400GR1DT13032017CD5083VOL01_(2).pdf ;47;84;"50; 173"
04.000.02607/2017;04000026072017_7271690_NP00354696820164013400GR1DT13032017CD5083VOL01.pdf ;47;84;"50; 173"
04.000.02607/2017;04000026072017_7271691_NP00354696820164013400GR1DT13032017CD5083VOL02_(2).pdf ;47;84;"50; 173"
04.000.02607/2017;04000026072017_7271692_NP00354696820164013400GR1DT13032017CD5083VOL02.pdf ;47;84;"50; 173"
04.000.02607/2017;04000026072017_7271693_NP00354696820164013400GR1DT13032017CD5083VOL03_(2).pdf ;47;84;"50; 173"
04.000.02607/2017;04000026072017_7271694_NP00354696820164013400GR1DT13032017CD5083VOL03.pdf ;47;84;"50; 173"
04.000.02607/2017;04000026072017_7271695_NP00354696820164013400GR1DT13032017CD5083VOL04.pdf ;47;84;"50; 173"
04.000.02834/2017;04000028342017_7327390_NP00595906320164013400GR1DT20032017CD5083_VOL_01.pdf ;14;9;366
04.000.02834/2017;04000028342017_7327391_NP00595906320164013400GR1DT20032017CD5083_VOL_02.pdf ;14;9;366
04.000.03091/2017;04000030912017_7416331_NP10015382320174013400GR1_-_08.03.2017.pdf ;43;9;366
04.000.03254/2017;04000032542017_7471091_NP00643176520164013400GR1DT04112016CD5083VOL1.pdf ;47;94;"70; 749"
04.000.03254/2017;04000032542017_7471092_NP00643176520164013400GR1DT04112016CD5083VOL2.pdf ;47;94;"70; 749"
04.000.03261/2017;04000032612017_7471094_NP00736443420164013400GR1DT14122016CD5083.pdf ;47;9;366
04.000.03381/2017;04000033812017_7532179_NP00717156320164013400DT28112016CD5083.pdf ;10;24;"43; 531; 716"
04.000.03396/2017;04000033962017_7525303_NP00003056320175100008GR1_-_5070_-_17.03.2017.pdf ;10;20;"531; 532; 749"
04.000.03566/2017;04000035662017_7623291_NP00678339320164013400DT11112016CD5083.pdf ;47;7;"103; 531"
04.000.03740/2017;04000037402017_7719937_NP00104667720174013400GR1DT05042017CD5083APENSO_(2).pdf ;47;94;"70; 716"
04.000.03740/2017;04000037402017_7719939_NP00104667720174013400GR1DT05042017CD5083APENSO_(3).pdf ;47;94;"70; 716"
04.000.03740/2017;04000037402017_7719940_NP00104667720174013400GR1DT05042017CD5083APENSO_(4).pdf ;47;94;"70; 716"
04.000.03740/2017;04000037402017_7719941_NP00104667720174013400GR1DT05042017CD5083APENSO_(5).pdf ;47;94;"70; 716"
04.000.03740/2017;04000037402017_7719942_NP00104667720174013400GR1DT05042017CD5083APENSO_(6).pdf ;47;94;"70; 716"
04.000.03740/2017;04000037402017_7719943_NP00104667720174013400GR1DT05042017CD5083APENSO_(7).pdf ;47;94;"70; 716"
04.000.03740/2017;04000037402017_7719944_NP00104667720174013400GR1DT05042017CD5083APENSO(5).pdf ;47;94;"70; 716"
04.000.03740/2017;04000037402017_7719945_NP00104667720174013400GR1DT05042017CD5083APENSO.pdf ;47;94;"70; 716"
04.000.03748/2017;04000037482017_7713358_NP00074398620174013400GR1DT05042017CD5083VOL01.pdf ;47;94;"70; 716; 728"
04.000.03748/2017;04000037482017_7713360_NP00074398620174013400GR1DT05042017CD5083VOL02.pdf ;47;94;"70; 716; 728"
04.000.03748/2017;04000037482017_7719946_NP00074398620174013400GR1DT05042017CD5083VOL01.pdf ;47;94;"70; 716; 728"
04.000.03748/2017;04000037482017_7719947_NP00074398620174013400GR1DT05042017CD5083VOL02.pdf ;47;94;"70; 716; 728"
04.000.03894/2017;04000038942017_7772634_NP10021401420174013400GR1_-_10.04.2017.pdf ;43;2;"344; 531"
04.000.03894/2017;04000038942017_7773399_NP10017323820174010000GR2_-_24.04.2017.pdf ;43;2;"344; 531"
04.000.04022/2017;04000040222017_7816324_NP00141760820174013400GR1_DT25032017_CD5083.pdf ;47;84;"510; 749"
04.000.04546/2017;04000045462017_8069443_NP10058065720164013400GR1_-_21.07.2016.pdf ;43;9;"366; 531"
04.000.04655/2017;04000046552017_8113764_NP10030799120174013400GR1_-_22.05.2017.pdf ;14;9;"366; 531"
08.000.00213/2017;08000002132017_6694045_NP03920395220158090175_-_JU_745322.pdf ;1;11;941
08.000.00213/2017;08000002132017_6694046_NP03920395220158090175_-_Oficio.pdf ;1;11;941
08.000.00213/2017;08000002132017_6715270_CE08000002132017_01.pdf ;1;11;941
08.000.00216/2017;08000002162017_6685421_INICIAL.pdf ;237;27;"50; 613; 663; 780"
08.000.00216/2017;08000002162017_6685422_DESPACHO.pdf ;237;27;"50; 613; 663; 780"
08.000.00216/2017;08000002162017_6685423_AUDIENCIA.pdf ;237;27;"50; 613; 663; 780"
08.000.00216/2017;08000002162017_6687407_SIPES.pdf ;237;27;"50; 613; 663; 780"
08.000.00217/2017;08000002172017_6685490_INICIAL.pdf ;50;82;"50; 644"
08.000.00217/2017;08000002172017_6685491_TUTELA_INDEFERIDA.pdf ;50;82;"50; 644"
08.000.00218/2017;08000002182017_6685664_PETICAO_INICIAL.pdf ;50;27;"50; 156; 273"
08.000.00218/2017;08000002182017_6685665_TUTELA_IINDEFERIDA.pdf ;50;27;"50; 156; 273"
08.000.00219/2017;08000002192017_6685711_A_O.pdf ;237;82;"50; 225; 749"
08.000.00219/2017;08000002192017_6685712_PETICAO_INICIAL.pdf ;237;82;"50; 225; 749"
08.000.00220/2017;08000002202017_6685939_A_O.pdf ;50;22;"50; 416"
08.000.00220/2017;08000002202017_6685940_PETICAO_INICIAL.pdf ;50;22;"50; 416"
08.000.00220/2017;08000002202017_6685941_SENHA.pdf ;50;22;"50; 416"
08.000.00222/2017;08000002222017_6686931_NP00397124620164013500.pdf ;237;4;"50; 558; 749; 936"
08.000.00223/2017;08000002232017_6686932_NP00398796320164013500.pdf ;50;28;50
08.000.00225/2017;08000002252017_6684061_NP00033745820164013505.pdf ;47;15;"50; 248; 780; 950"
08.000.00227/2017;08000002272017_6684063_NP00034273920164013505.pdf ;237;28;"50; 207; 225; 749"
08.000.00228/2017;08000002282017_6684064_NP00034282420164013505_-_(parte_1).pdf ;50;28;"50; 780"
08.000.00228/2017;08000002282017_6684065_NP00034282420164013505_-_(parte_2).pdf ;50;28;"50; 780"
08.000.00229/2017;08000002292017_6684066_NP00034802020164013505.pdf ;237;28;"50; 225; 780"
08.000.00230/2017;08000002302017_6684067_NP00035443020164013505_-_(parte_1).pdf ;237;27;"50; 197; 749; 780; 983"
08.000.00230/2017;08000002302017_6684068_NP00035443020164013505_-_(parte_2).pdf ;237;27;"50; 197; 749; 780; 983"
08.000.00230/2017;08000002302017_6684069_NP00035443020164013505_-_(parte_3).pdf ;237;27;"50; 197; 749; 780; 983"
08.000.00230/2017;08000002302017_6684070_NP00035443020164013505_-_(parte_4).pdf ;237;27;"50; 197; 749; 780; 983"
08.000.00230/2017;08000002302017_6684071_NP00035443020164013505_-_(parte_5).pdf ;237;27;"50; 197; 749; 780; 983"
08.000.00231/2017;08000002312017_6684072_NP00036092520164013505.pdf ;237;27;"50; 415; 558; 780"
08.000.00232/2017;08000002322017_6684073_NP00036620620164013505.pdf ;237;82;"50; 397; 641"
08.000.00233/2017;08000002332017_6684074_NP00037330820164013505.pdf ;237;15;"50; 248; 749; 950"
08.000.00234/2017;08000002342017_6684075_NP00037478920164013505_-_(parte_1).pdf ;237;21;"50; 94"
08.000.00234/2017;08000002342017_6684076_NP00037478920164013505_-_(parte_2).pdf ;237;21;"50; 94"
08.000.00254/2017;08000002542017_6698011_NP00400415820164013500.pdf ;50;15;"50; 248; 531; 644; 780"
08.000.00254/2017;08000002542017_7538126_NP00400415820164013500.pdf ;50;15;"50; 248; 531; 644; 780"
08.000.00255/2017;08000002552017_6698012_NP00402009820164013500.pdf ;50;22;"50; 416; 476; 732; 958"
08.000.00256/2017;08000002562017_6698013_NP00397289720164013500.pdf ;50;4;"50; 167; 531; 749"
08.000.00257/2017;08000002572017_6698014_NP00404607820164013500.pdf ;50;4;"50; 167; 558; 749"
08.000.00258/2017;08000002582017_6698015_NP00382306320164013500.pdf ;50;4;"50; 167; 558; 749"
08.000.00259/2017;08000002592017_6698016_NP00404970820164013500.pdf ;1;11;941
08.000.00261/2017;08000002612017_6698018_NP00404763220164013500.pdf ;50;4;"50; 167; 558; 936"
08.000.00265/2017;08000002652017_6699834_NP00393885620164013500.pdf ;50;82;"50; 225; 749"
08.000.00270/2017;08000002702017_6699839_NP00404252120164013500.pdf ;50;4;"167; 558; 936"
08.000.00272/2017;08000002722017_6699841_NP00386151120164013500.pdf ;50;4;"167; 558; 936"
08.000.00273/2017;08000002732017_6699842_NP00391426020164013500.pdf ;1;11;941
08.000.00283/2017;08000002832017_6707446_CITACAO.pdf ;47;82;397
08.000.00284/2017;08000002842017_6708381_NP00357276920164013500.pdf ;227;27;"266; 460; 566; 780"
08.000.00285/2017;08000002852017_6708382_NP00257366920164013500.pdf ;50;15;"50; 248; 780; 943"
08.000.00289/2017;08000002892017_6708387_NP00356600720164013500.pdf ;50;82;"50; 143; 749"
08.000.00290/2017;08000002902017_6708388_NP00356229220164013500.pdf ;47;27;231
08.000.00299/2017;08000002992017_6710477_NP00388645920164013500.pdf ;47;82;"397; 531"
08.000.00302/2017;08000003022017_6710480_NP00402433520164013500.pdf ;47;4;"167; 716"
08.000.00305/2017;08000003052017_6713208_NP00065193420164013502.pdf ;237;27;"50; 636; 780"
08.000.00309/2017;08000003092017_6713212_NP00071792820164013502.pdf ;237;27;"50; 636; 780"
08.000.00314/2017;08000003142017_6713217_NP00071784320164013502.pdf ;237;27;"50; 636; 780"
08.000.00324/2017;08000003242017_6713227_NP00070944220164013502.pdf ;237;82;"34; 50; 612; 749"
08.000.00325/2017;08000003252017_6713228_NP00072243220164013502.pdf ;237;15;"50; 248; 558; 749; 780"
08.000.00333/2017;08000003332017_6715634_processo_Tiago_Estevam_de_Castro.pdf ;50;18;"50; 394; 604"
08.000.00335/2017;08000003352017_6720804_NP00400935420164013500.pdf ;50;28;"50; 531; 637; 749"
08.000.00337/2017;08000003372017_6720806_NP00401991620164013500.pdf ;50;82;"50; 397; 531; 607; 644"
08.000.00341/2017;08000003412017_6720810_NP00398804820164013500.pdf ;50;27;"50; 723"
08.000.00342/2017;08000003422017_6720084_NP00402875420164013500.pdf ;50;28;"50; 780"
08.000.00343/2017;08000003432017_6720085_NP00388836520164013500.pdf ;50;16;"50; 240; 749"
08.000.00344/2017;08000003442017_6720086_NP00408504820164013500.pdf ;50;27;"50; 231; 531; 780"
08.000.00352/2017;08000003522017_6722869_NP00404390520164013500.pdf ;1;11;941
08.000.00356/2017;08000003562017_6722873_NP00415286320164013500.pdf ;50;22;"50; 416"
08.000.00358/2017;08000003582017_6722875_NP00404806920164013500.pdf ;50;38;"50; 441; 460; 623"
08.000.00362/2017;08000003622017_6728278_NP00071828020164013502.pdf ;237;82;"50; 225; 749"
08.000.00386/2017;08000003862017_6741571_NP00067428420164013502.pdf ;237;27;"50; 156; 273; 780"
08.000.00387/2017;08000003872017_6741573_NP00066284820164013502.pdf ;237;27;"50; 231; 636"
08.000.00390/2017;08000003902017_6741581_NP00066544620164013502.pdf ;237;82;"34; 50; 397; 558"
08.000.00391/2017;08000003912017_6741583_NP00069081920164013502.pdf ;237;82;"34; 50; 780"
08.000.00392/2017;08000003922017_6741586_NP00067020520164013502.pdf ;237;82;"50; 353; 646; 749"
08.000.00393/2017;08000003932017_6741588_NP00069576020164013502.pdf ;237;27;"50; 266; 273; 780"
08.000.00394/2017;08000003942017_6741591_NP00074685820164013502.pdf ;237;27;"50; 636; 780"
08.000.00395/2017;08000003952017_6741592_NP00071974920164013502.pdf ;237;16;"50; 393"
08.000.00398/2017;08000003982017_6741595_NP00066301820164013502.pdf ;237;27;"50; 197"
08.000.00412/2017;08000004122017_6752979_NP00404815420164013500.pdf ;50;22;"50; 416; 476; 531"
08.000.00413/2017;08000004132017_6752980_NP00406998220164013500.pdf ;50;27;"50; 197; 780"
08.000.00415/2017;08000004152017_6752982_NP00409336420164013500.pdf ;50;18;604
08.000.00417/2017;08000004172017_6752984_NP00409795320164013500.pdf ;50;27;"50; 156; 636"
08.000.00419/2017;08000004192017_6752986_NP00416290320164013500.pdf ;50;3;"50; 291; 566; 749"
08.000.00424/2017;08000004242017_6752894_NP00067376220164013502.pdf ;50;16;"50; 391; 749"
08.000.00454/2017;08000004542017_6837773_2275-53.2016.pdf ;50;27;"50; 231; 636"
08.000.00460/2017;08000004602017_6775431_NP00005033620174013500.pdf ;50;28;"50; 531; 689; 749"
08.000.00466/2017;08000004662017_6775437_NP00389087820164013500.pdf ;50;32;"50; 475; 531; 648; 749"
08.000.00468/2017;08000004682017_6775439_NP00398467320164013500.pdf ;47;27;"231; 531; 716"
08.000.00472/2017;08000004722017_6775444_NP00375958220164013500.pdf ;50;27;"531; 983"
08.000.00474/2017;08000004742017_6775446_NP00004851520174013500.pdf ;50;27;"415; 531; 749"
08.000.00481/2017;08000004812017_6776529_NP00058723320164013504.pdf ;50;27;"50; 643; 780"
08.000.00486/2017;08000004862017_6776535_NP00051941820164013504.pdf ;237;27;"50; 629; 780"
08.000.00488/2017;08000004882017_6776746_NP00059442020164013504.pdf ;50;82;"50; 225; 448; 644; 749"
08.000.00490/2017;08000004902017_6776748_NP00059468720164013504.pdf ;50;82;"50; 397; 448; 558; 749"
08.000.00492/2017;08000004922017_6776750_NP00059988320164013504.pdf ;50;27;"50; 231; 558; 613; 749"
08.000.00502/2017;08000005022017_6852668_C080674_08000005022017_5045_D31_H0924_NP00062023020164013504.pdf ;50;82;"50; 468"
08.000.00504/2017;08000005042017_6785364_NP00027371020164013505.pdf ;50;27;"50; 231; 636; 780"
08.000.00505/2017;08000005052017_6785365_NP00034265420164013505.pdf ;50;27;"50; 231; 636; 780"
08.000.00506/2017;08000005062017_6785366_NP00035910420164013505.pdf ;50;27;"50; 231; 636; 780"
08.000.00506/2017;08000005062017_7997469_NP00035910420164013505_(1).pdf ;50;27;"50; 231; 636; 780"
08.000.00506/2017;08000005062017_7997470_NP00035910420164013505_(2).pdf ;50;27;"50; 231; 636; 780"
08.000.00507/2017;08000005072017_6785367_NP00035928620164013505.pdf ;50;27;"50; 231; 636; 780"
08.000.00507/2017;08000005072017_7997471_NP00035928620164013505.pdf ;50;27;"50; 231; 636; 780"
08.000.00508/2017;08000005082017_6785368_NP00035937120164013505.pdf ;50;27;"50; 231; 636; 780"
08.000.00508/2017;08000005082017_7997472_NP00035937120164013505_(_2).pdf ;50;27;"50; 231; 636; 780"
08.000.00508/2017;08000005082017_7997473_NP00035937120164013505_(1).pdf ;50;27;"50; 231; 636; 780"
08.000.00512/2017;08000005122017_6785372_NP00035971120164013505.pdf ;50;27;"50; 231; 780"
08.000.00512/2017;08000005122017_7997477_NP00035971120164013505.pdf ;50;27;"50; 231; 780"
08.000.00525/2017;08000005252017_6788131_NP10000277820174013500.pdf ;43;26;"29; 390; 531; 974"
08.000.00525/2017;08000005252017_6791494_NP10000277820174013500.pdf ;43;26;"29; 390; 531; 974"
08.000.00536/2017;08000005362017_6789287_NP00051674120164013502.pdf ;52;27;"273; 629; 630; 983"
08.000.00538/2017;08000005382017_6792582_NP00226829520164013500.pdf ;50;18;"50; 558; 604"
08.000.00542/2017;08000005422017_6798249_NP00028531920164013504____.pdf ;50;28;"50; 640"
08.000.00544/2017;08000005442017_6798251_NP00061036020164013504.pdf ;50;82;"50; 558; 644"
08.000.00545/2017;08000005452017_6798252_NP00059875420164013504.pdf ;50;28;"50; 780"
08.000.00546/2017;08000005462017_6798253_NP00049915620164013504.pdf ;50;82;"50; 641; 749"
08.000.00553/2017;08000005532017_6801040_NP00358670620164013500.pdf ;2;27;"273; 460; 558; 630"
08.000.00556/2017;08000005562017_6802268_NP00357666620164013500.pdf ;50;82;"50; 225; 613; 749"
08.000.00580/2017;08000005802017_6815715_NP00395115420164013500.pdf ;50;82;"34; 50; 397; 531; 612; 749"
08.000.00580/2017;08000005802017_6816650_anexo8534489.pdf ;50;82;"34; 50; 397; 531; 612; 749"
08.000.00581/2017;08000005812017_6815716_NP00417278520164013500.pdf ;50;27;"50; 415; 531; 613; 780"
08.000.00582/2017;08000005822017_6815717_NP00013149320174013500.pdf ;50;28;"50; 531; 719"
08.000.00585/2017;08000005852017_6815943_NP00397635720164013500.pdf ;50;28;"50; 689; 749"
08.000.00589/2017;08000005892017_6815947_NP00024641220174013500.pdf ;237;82;"50; 468; 749"
08.000.00608/2017;08000006082017_6827672_NP00021974020174013500.pdf ;50;82;"50; 641"
08.000.00608/2017;08000006082017_7463118_EXTRATO2.pdf ;50;82;"50; 641"
08.000.00610/2017;08000006102017_6827674_NP00024659420174013500.pdf ;50;82;"50; 225; 749"
08.000.00617/2017;08000006172017_6824393_NP00391867920164013500.pdf ;50;82;"50; 225; 353; 531; 749"
08.000.00617/2017;08000006172017_7416690_NP00391867920164013500.pdf ;50;82;"50; 225; 353; 531; 749"
08.000.00619/2017;08000006192017_6824396_NP00401039820164013500.pdf ;50;27;"50; 231; 531; 636"
08.000.00623/2017;08000006232017_6824401_NP00377412620164013500.pdf ;50;27;"50; 273; 697; 749"
08.000.00640/2017;08000006402017_6837954_PETICAO_INICIAL.pdf ;50;82;"50; 468"
08.000.00642/2017;08000006422017_6837758_30532320164013505.msg ;2;27;629
08.000.00642/2017;08000006422017_6837759_2016-3053-23.pdf ;2;27;629
08.000.00643/2017;08000006432017_6837760_369411.2016.4.01.3505.msg ;227;27;"273; 566; 628"
08.000.00643/2017;08000006432017_6837761_2016-3694-11_novo.pdf ;227;27;"273; 566; 628"
08.000.00651/2017;08000006512017_6866932_NP00404771720164013500.pdf ;50;82;"50; 397; 531; 641; 749"
08.000.00652/2017;08000006522017_6866933_NP00401126020164013500.pdf ;50;27;"50; 231; 531"
08.000.00653/2017;08000006532017_6866934_NP00399169020164013500.pdf ;50;82;"50; 225; 353; 448; 531; 749"
08.000.00654/2017;08000006542017_6866935_NP00400814020164013500.pdf ;50;27;"50; 231; 531; 566"
08.000.00658/2017;08000006582017_6866939_NP00396492120164013500.pdf ;50;27;"50; 478; 558"
08.000.00658/2017;08000006582017_6883133_DOCUMENTOS.pdf ;50;27;"50; 478; 558"
08.000.00664/2017;08000006642017_6866945_NP00393816420164013500.pdf ;50;27;"50; 643; 780"
08.000.00670/2017;08000006702017_6866950_NP00012889520174013500.pdf ;50;82;"34; 50; 612; 749"
08.000.00677/2017;08000006772017_6866957_NP00020536620174013500.pdf ;50;27;"50; 266; 415; 613; 780"
08.000.00678/2017;08000006782017_6866958_NP00023273020174013500.pdf ;50;82;"50; 397; 558; 641; 749; 780"
08.000.00694/2017;08000006942017_6879960_NP00028816220174013500.pdf ;10;27;"531; 629; 983"
08.000.00694/2017;08000006942017_6879961_NP00028816220174013500_2.pdf ;10;27;"531; 629; 983"
08.000.00695/2017;08000006952017_6876284_NP00048260920164013504.pdf ;13;27;983
08.000.00700/2017;08000007002017_6879986_NP00010259120164013502.pdf ;14;21;"716; 953"
08.000.00701/2017;08000007012017_6879987_NP00068250320164013502.pdf ;22;27;629
08.000.00726/2017;08000007262017_6888079_NP00029674320164013508.pdf ;50;27;"50; 197; 266; 780"
08.000.00731/2017;08000007312017_6889529_NP00029613620164013508.pdf ;50;27;"50; 231; 749"
08.000.00736/2017;08000007362017_6892673_NP00022182920164013507.pdf ;50;38;"50; 427; 623; 780"
08.000.00740/2017;08000007402017_6892849_NP00013845720154013508.pdf ;28;82;448
08.000.00742/2017;08000007422017_6893066_Copia_do_processo_-_225386-26.2016.8.09.0175_-_LUIZA_BELLA_CARVALHO_CORREIA.m;1;8;716
08.000.00742/2017;08000007422017_6917264_1_pdfsam_luiza_bella_carvalho_correia_225386-2620168090175.pdf ;1;8;716
08.000.00742/2017;08000007422017_6917265_4_pdfsam_luiza_bella_carvalho_correia_225386-2620168090175.pdf ;1;8;716
08.000.00742/2017;08000007422017_6917266_7_pdfsam_luiza_bella_carvalho_correia_225386-2620168090175.pdf ;1;8;716
08.000.00742/2017;08000007422017_6917268_11_pdfsam_luiza_bella_carvalho_correia_225386-2620168090175.pdf ;1;8;716
08.000.00742/2017;08000007422017_6917269_14_pdfsam_luiza_bella_carvalho_correia_225386-2620168090175.pdf ;1;8;716
08.000.00742/2017;08000007422017_6917270_16_pdfsam_luiza_bella_carvalho_correia_225386-2620168090175.pdf ;1;8;716
08.000.00742/2017;08000007422017_6917271_19_pdfsam_luiza_bella_carvalho_correia_225386-2620168090175.pdf ;1;8;716
08.000.00742/2017;08000007422017_6917272_22_pdfsam_luiza_bella_carvalho_correia_225386-2620168090175.pdf ;1;8;716
08.000.00742/2017;08000007422017_6917273_27_pdfsam_luiza_bella_carvalho_correia_225386-2620168090175.pdf ;1;8;716
08.000.00742/2017;08000007422017_6917274_32_pdfsam_luiza_bella_carvalho_correia_225386-2620168090175.pdf ;1;8;716
08.000.00742/2017;08000007422017_6917275_36_pdfsam_luiza_bella_carvalho_correia_225386-2620168090175.pdf ;1;8;716
08.000.00742/2017;08000007422017_6917276_40_pdfsam_luiza_bella_carvalho_correia_225386-2620168090175.pdf ;1;8;716
08.000.00742/2017;08000007422017_6917277_44_pdfsam_luiza_bella_carvalho_correia_225386-2620168090175.pdf ;1;8;716
08.000.00742/2017;08000007422017_6917278_48_pdfsam_luiza_bella_carvalho_correia_225386-2620168090175.pdf ;1;8;716
08.000.00742/2017;08000007422017_6917279_53_pdfsam_luiza_bella_carvalho_correia_225386-2620168090175.pdf ;1;8;716
08.000.00742/2017;08000007422017_6917280_57_pdfsam_luiza_bella_carvalho_correia_225386-2620168090175.pdf ;1;8;716
08.000.00747/2017;08000007472017_6902870_NP00061312820164013504.pdf ;47;8;938
08.000.00756/2017;08000007562017_6904479_NP00022295820164013507.pdf ;50;82;"558; 946"
08.000.00766/2017;08000007662017_7120338_doc_1.pdf ;2;82;397
08.000.00811/2017;08000008112017_6928223_NP00101207420175180101_-_PET9.pdf ;14;21;"531; 953"
08.000.00811/2017;08000008112017_6928225_NP00101207420175180101_-_PET8.pdf ;14;21;"531; 953"
08.000.00811/2017;08000008112017_6928227_NP00101207420175180101_-_PET7.pdf ;14;21;"531; 953"
08.000.00811/2017;08000008112017_6928228_NP00101207420175180101_-_PET6.pdf ;14;21;"531; 953"
08.000.00811/2017;08000008112017_6928229_NP00101207420175180101_-_PET5.pdf ;14;21;"531; 953"
08.000.00811/2017;08000008112017_6928230_NP00101207420175180101_-_PET4.pdf ;14;21;"531; 953"
08.000.00811/2017;08000008112017_6928231_NP00101207420175180101_-_PET3.pdf ;14;21;"531; 953"
08.000.00811/2017;08000008112017_6928232_NP00101207420175180101_-_PET2.pdf ;14;21;"531; 953"
08.000.00811/2017;08000008112017_6928234_NP00101207420175180101_-_PET1.pdf ;14;21;"531; 953"
08.000.00839/2017;08000008392017_6937655_NP00028279620174013500.pdf ;50;82;"50; 448; 641"
08.000.01154/2017;08000011542017_7037622_NP00014551520174013500.pdf ;8;23;716
08.000.01231/2017;08000012312017_7054879_Scanned-image-20.pdf ;43;26;"56; 390; 531"
08.000.01604/2017;08000016042017_7189277_NP00028070820174013500.pdf ;50;19;"50; 376; 531; 780; 952"
08.000.02641/2017;08000026412017_7531618_NP00098101420174013500.pdf ;47;7;"103; 531"
08.000.03145/2017;08000031452017_7766300_maria_serafim_carmo_machado_30082520164013503.pdf ;50;23;"50; 716"
08.000.03363/2017;08000033632017_7768225_NP00002364320174013507.pdf ;47;23;"50; 531; 558"
08.000.03983/2017;08000039832017_8034135_NP10000285120174013504_-_Mandado_de_Seguranca.pdf ;43;23;"531; 716"
08.000.03983/2017;08000039832017_8036034_NP10000285120174013504_-_inicial.pdf ;43;23;"531; 716"
09.000.00026/2017;09000000262017_6887747_maria_antonia_dutra.pdf ;47;28;"50; 716"
09.000.00028/2017;09000000282017_6636835_NP00045341220164013702GR1CD5070.pdf ;67;6;684
09.000.00029/2017;09000000292017_6636836_NP00043392720164013702GR1CD5070.pdf ;67;6;684
09.000.00030/2017;09000000302017_6636837_NP00040283620164013702GR1CD5070.pdf ;67;6;684
09.000.00032/2017;09000000322017_6636839_NP00044649220164013702GR1CD5070.pdf ;67;6;684
09.000.00032/2017;09000000322017_6743733_CE09000000322017GR1CD5070.pdf ;67;6;684
09.000.00033/2017;09000000332017_6636840_NP00041825420164013702GR1CD5070.pdf ;67;6;684
09.000.00034/2017;09000000342017_6636841_NP00030809420164013702GR1CD5070.pdf ;50;15;"50; 248; 749; 780"
09.000.00035/2017;09000000352017_6636842_NP00041869120164013702GR1CD5070.pdf ;67;6;684
09.000.00036/2017;09000000362017_6636843_NP00044215820164013702GR1CD5070.pdf ;67;6;684
09.000.00037/2017;09000000372017_6636844_NP00042873120164013702GR1CD5070.pdf ;67;6;684
09.000.00038/2017;09000000382017_6636845_NP00041833920164013702GR1CD5070.pdf ;67;6;684
09.000.00039/2017;09000000392017_6636846_NP00040777720164013702GR1CD5070.pdf ;67;6;684
09.000.00040/2017;09000000402017_6636847_NP00041850920164013702GR1CD5070.pdf ;67;6;684
09.000.00041/2017;09000000412017_6636848_NP00044033720164013702GR1CD5070.pdf ;50;6;684
09.000.00042/2017;09000000422017_6636849_NP00028817220164013702GR1CD5070.pdf ;50;27;"50; 723; 780"
09.000.00043/2017;09000000432017_6735181_CLAYTON_EDUARDO_FERRO_E_SILVA_4393-90.2016.4.01.3702.pdf ;67;6;684
09.000.00044/2017;09000000442017_6636851_NP00042240620164013702GR1CD5070.pdf ;67;6;684
09.000.00045/2017;09000000452017_6636852_NP00043107420164013702GR1CD5070.pdf ;67;6;684
09.000.00046/2017;09000000462017_6636853_NP00044423420164013702GR1CD5070.pdf ;67;6;684
09.000.00047/2017;09000000472017_6636854_NP00041228120164013702GR1CD5070.pdf ;67;6;684
09.000.00048/2017;09000000482017_6636855_NP00042093720164013702GR1CD5070.pdf ;67;6;684
09.000.00049/2017;09000000492017_6636856_NP00040880920164013702GR1CD5070.pdf ;67;6;684
09.000.00050/2017;09000000502017_6636857_NP00045584020164013702GR1CD5070.pdf ;67;6;684
09.000.00051/2017;09000000512017_6636858_NP00028894920164013702GR1CD5070.pdf ;67;6;684
09.000.00052/2017;09000000522017_6636859_NP00035789320164013702GR1CD5070.pdf ;50;82;"50; 644"
09.000.00053/2017;09000000532017_6636860_NP00045688420164013702GR1CD5070.pdf ;67;6;684
09.000.00055/2017;09000000552017_6636862_NP00044025220164013702GR1CD5070.pdf ;67;6;684
09.000.00056/2017;09000000562017_6636863_NP00040084520164013702GR1CD5070.pdf ;67;6;684
09.000.00057/2017;09000000572017_6636864_NP00043427920164013702GR1CD5070.pdf ;67;6;684
09.000.00058/2017;09000000582017_6636865_NP00043895320164013702GR1CD5070.pdf ;67;6;684
09.000.00059/2017;09000000592017_6636866_NP00041739220164013702GR1CD5070.pdf ;67;6;684
09.000.00060/2017;09000000602017_6636867_NP00021472420164013702GR1CD5070.pdf ;67;6;684
09.000.00061/2017;09000000612017_6636868_NP00043748420164013702GR1CD5070.pdf ;67;6;684
09.000.00062/2017;09000000622017_6636869_NP00045307220164013702GR1CD5070.pdf ;67;6;684
09.000.00063/2017;09000000632017_6636870_NP00051577620164013702GR1CD5070.pdf ;50;27;"50; 415; 780"
09.000.00064/2017;09000000642017_6636871_NP00041938320164013702GR1CD5070.pdf ;67;6;684
09.000.00065/2017;09000000652017_6636872_NP00043228820164013702GR1CD5070.pdf ;67;6;684
09.000.00066/2017;09000000662017_6636874_NP00043652520164013702GR1CD5070.pdf ;67;6;684
09.000.00067/2017;09000000672017_6636875_NP00041816920164013702GR1CD5070.pdf ;67;6;684
09.000.00070/2017;09000000702017_6638055_NP00024962720164013702GR1CD5070.pdf ;236;82;"558; 641"
09.000.00082/2017;09000000822017_6638067_NP00006333620164013702GR1CD5070.pdf ;67;5;"128; 134; 447"
09.000.00085/2017;09000000852017_6638070_NP00014518520164013702GR1CD5070.pdf ;50;22;"50; 416"
09.000.00088/2017;09000000882017_6638074_NP00055864320164013702GR1CD5070.pdf ;50;28;"50; 780"
09.000.00105/2017;09000001052017_6638091_NP00016111320164013702GR1CD5070.pdf ;50;27;"50; 156; 636; 780"
09.000.00111/2017;09000001112017_6638097_NP00035823320164013702GR1CD5070.pdf ;50;82;"50; 641"
09.000.00151/2017;09000001512017_6656108_CE09000001512017GR1CD5070.pdf ;50;82;"50; 646; 780"
09.000.00189/2017;09000001892017_6765830_00366759020164013700.pdf ;50;27;"50; 231; 636; 780"
09.000.00190/2017;09000001902017_6693969_PETICAO_INICIAL.pdf ;50;27;"50; 231; 636; 780"
09.000.00190/2017;09000001902017_6693970_DECISAO.pdf ;50;27;"50; 231; 636; 780"
09.000.00192/2017;09000001922017_6765705_00406104120164013700.pdf ;50;27;"50; 231; 558; 780"
09.000.00284/2017;09000002842017_6843042_09000002842017.pdf ;50;28;"50; 780"
09.000.00295/2017;09000002952017_6811028_KELLY_LUCIA_DEGALDO_XIMENES_387821020164013700.pdf ;50;38;"181; 441; 623; 780"
09.000.00308/2017;09000003082017_6743758_CE09000003082017GR1CD5070.pdf ;50;82;"50; 468"
09.000.00309/2017;09000003092017_6743759_CE09000003092017GR1CD5070.pdf ;50;36;"39; 50"
09.000.00313/2017;09000003132017_6743763_CE09000003132017GR1CD5070.pdf ;50;27;"50; 266; 613; 780"
09.000.00314/2017;09000003142017_6743764_CE09000003142017GR1CD5070.pdf ;50;27;"50; 156; 315; 558"
09.000.00316/2017;09000003162017_6743766_CE09000003162017GR1CD5070.pdf ;50;82;"50; 468; 558; 644; 749"
09.000.00317/2017;09000003172017_6743767_CE09000003172017GR1CD5070.pdf ;50;16;"50; 391; 558"
09.000.00320/2017;09000003202017_6743771_CE09000003202017GR1CD5070.pdf ;50;28;"50; 379; 749"
09.000.00321/2017;09000003212017_6743772_CE09000003212017GR1CD5070.pdf ;50;27;"50; 315; 613; 780"
09.000.00323/2017;09000003232017_6743773_CE09000003232017GR1CD5070.pdf ;50;27;"50; 701; 780"
09.000.00324/2017;09000003242017_6743774_CE09000003242017GR1CD5070.pdf ;67;3;935
09.000.00328/2017;09000003282017_6743778_CE09000003282017GR1CD5070.pdf ;50;27;"50; 156; 197; 558; 749; 780"
09.000.00329/2017;09000003292017_6843406_09000003292017.pdf ;50;27;"50; 231; 636; 780"
09.000.00330/2017;09000003302017_6843501_09000003302017.pdf ;50;27;"156; 780"
09.000.00365/2017;09000003652017_6758937_PROCESSO_MUNCIPIO_DE_BACABAL_10037520174013703.pdf ;8;26;716
09.000.00368/2017;09000003682017_6788050_VALMIR.pdf ;50;27;"50; 197; 780"
09.000.00408/2017;09000004082017_6780825_CE09000004082017GR1CD5070.pdf ;50;27;"50; 636; 780"
09.000.00409/2017;09000004092017_6780827_CE09000004092017GR1CD5070.pdf ;50;28;"50; 719; 780"
09.000.00410/2017;09000004102017_6780828_CE09000004102017GR1CD5070.pdf ;50;27;"50; 636; 780"
09.000.00412/2017;09000004122017_6780830_CE09000004122017GR1CD5070.pdf ;50;82;"50; 613; 780"
09.000.00413/2017;09000004132017_6780831_CE09000004132017GR1CD5070.pdf ;50;28;"50; 637"
09.000.00429/2017;09000004292017_6848797_IVALDO_RODRIGUES_CRUZ_407281720164013700.pdf ;50;27;"50; 231; 636; 780"
09.000.00456/2017;09000004562017_6838759_CE09000004562017GR1CD5070.pdf ;50;82;"50; 558; 644"
09.000.00458/2017;09000004582017_6838761_CE09000004582017GR1CD5070.pdf ;50;82;"50; 558; 641"
09.000.00488/2017;09000004882017_6959048_MUNICIPIO_DE_MONCAO_1792820174013700.pdf ;47;26;"390; 974"
09.000.00498/2017;09000004982017_6923282_45420-59.2016.4.01.3700_OSVALDO_DIAS_VASCONCELOS.pdf ;58;32;"50; 729; 749"
09.000.00498/2017;09000004982017_6926284_45420-59.2016.4.01.3700_OSVALDO_DIAS_VASCONCELOS.pdf ;58;32;"50; 729; 749"
09.000.00521/2017;09000005212017_6868779_NP00065539120164013701GR1CD5070.pdf ;50;8;"50; 749; 937"
09.000.00542/2017;09000005422017_6995007_MUNICIPIO_DE_PORTO_FRANCO_MA__18274320174013700.pdf ;47;26;"29; 390"
09.000.00562/2017;09000005622017_6895135_13363-90.2013.4.01.3700_MUNICIPIO_DE_SANTA_LUZIA_DO_PARUA.pdf ;47;26;"390; 974"
09.000.00562/2017;09000005622017_7631039_PROCESSO_SANTA_LUZIA.pdf ;47;26;"390; 974"
09.000.00569/2017;09000005692017_6906467_NP00008297520174013700GR1CD5070.pdf ;50;34;"50; 558; 780"
09.000.00661/2017;09000006612017_6955689_1012-37_2017_4_01_3703.pdf ;47;26;"390; 974; 976"
09.000.00763/2017;09000007632017_7019092_NP00011986920174013700GR1CD5070.pdf ;50;81;"50; 225; 558; 749"
09.000.00764/2017;09000007642017_7019093_NP00006200920174013700GR1CD5070.pdf ;50;29;"50; 225; 558; 603"
09.000.00771/2017;09000007712017_7100233_NP00064569120164013701GR1CD5070.pdf ;50;23;"50; 114; 558"
09.000.00821/2017;09000008212017_7823871_loteria_maiobao.pdf ;50;23;50
09.000.00841/2017;09000008412017_7085614_MUNICIPIO_DE_CIDELANDIA-MA_290092017013701.pdf ;47;26;"390; 974"
09.000.00841/2017;09000008412017_8082582_NP00002900920174013701GR1CD5070.pdf ;47;26;"390; 974"
09.000.01746/2017;09000017462017_7436498_CE09000017462017GR1CD5070.pdf ;50;81;"50; 225; 558"
09.000.02305/2017;09000023052017_7790925_CE09000023052017GR1CD5070.pdf ;50;29;"50; 225; 603; 749"
09.000.02431/2017;09000024312017_7884747_CE09000024312017GR1CD5070.pdf ;67;29;"28; 681"
10.000.00019/2017;10000000192017_6676265_peticao_inicial.pdf ;50;14;"50; 135; 531; 716; 749; 941"
10.000.00044/2017;10000000442017_6698791_peticao_inicial.pdf ;50;27;"50; 315; 531"
10.000.00060/2017;10000000602017_6715664_peticao_incial.pdf ;50;36;"50; 531; 558"
10.000.00086/2017;10000000862017_6755958_peticao_inicial.pdf ;50;27;"50; 231; 613; 780"
10.000.00088/2017;10000000882017_6747755_PETICAO_INICIAL.pdf ;50;28;"50; 225; 749"
10.000.00091/2017;10000000912017_6755520_peticao_inicial.pdf ;50;27;"50; 231; 531; 749"
10.000.00101/2017;10000001012017_6750825_peticao_inicial.pdf ;50;34;"50; 650; 780"
10.000.00104/2017;10000001042017_6755727_peticao_inicial.pdf ;50;27;"50; 81; 613; 749"
10.000.00105/2017;10000001052017_6756958_PETICAO_INICIAL.pdf ;47;82;225
10.000.00106/2017;10000001062017_6756880_PETICAO_INICIAL.pdf ;47;3;"291; 780"
10.000.00107/2017;10000001072017_6759911_inicial_itamar.pdf ;50;27;"50; 415; 531"
10.000.00107/2017;10000001072017_6761644_peticao_inicial_f.pdf ;50;27;"50; 415; 531"
10.000.00108/2017;10000001082017_6760556_INICIAL_1082017.pdf ;50;28;"50; 225; 691"
10.000.00108/2017;10000001082017_6771803_peticao_inicial.pdf ;50;28;"50; 225; 691"
10.000.00109/2017;10000001092017_6761730_INICIAL_1092017.pdf ;50;28;"50; 531; 780"
10.000.00109/2017;10000001092017_6761802_peticao_inicial.pdf ;50;28;"50; 531; 780"
10.000.00110/2017;10000001102017_6762500_INICIAL_1102017.pdf ;50;82;"50; 641"
10.000.00110/2017;10000001102017_6772507_peticao_inicial.pdf ;50;82;"50; 641"
10.000.00120/2017;10000001202017_6792690_PETICOA_INICIAL.pdf ;50;28;"50; 355; 689"
10.000.00126/2017;10000001262017_6778825_peticao_inicial.pdf ;60;36;"50; 272"
10.000.00127/2017;10000001272017_6778880_peticao_inicial.pdf ;50;82;"34; 50; 531; 612; 681"
10.000.00134/2017;10000001342017_6786871_PETICAO_INICIAL_JAIR.pdf ;14;27;"50; 531; 613; 780"
10.000.00135/2017;10000001352017_6785040_PETICAO_INICIAL.pdf ;50;36;"50; 272; 558; 749"
10.000.00138/2017;10000001382017_6787060_PETICAO_INICIAL.pdf ;50;34;"50; 650; 780"
10.000.00155/2017;10000001552017_6805096_peticao_inicial.pdf ;50;28;"50; 531; 640"
10.000.00157/2017;10000001572017_6804941_peticao_incial.pdf ;50;34;"50; 531; 558; 650; 780"
10.000.00160/2017;10000001602017_6812960_PETICAO_INICIAL.pdf ;50;28;"50; 230; 637"
10.000.00161/2017;10000001612017_6813057_PETICAO_INICIAL.pdf ;50;27;"415; 780"
10.000.00162/2017;10000001622017_6813148_PETICAO_INICIAL.pdf ;50;27;"50; 315; 780"
10.000.00210/2017;10000002102017_6878370_PETICAO_INICIAL_PETICAO_INICIAL.pdf ;50;34;"50; 650; 780"
10.000.00211/2017;10000002112017_6878818_peticao_inicial.pdf ;50;34;"50; 531; 650; 780"
10.000.00214/2017;10000002142017_6854245_PETICAO_INICIAL_1.pdf ;50;32;"50; 648; 780"
10.000.00252/2017;10000002522017_6930368_peticao_inicial.pdf ;50;36;"50; 272; 531"
10.000.00252/2017;10000002522017_7072945_inicial_p1.pdf ;50;36;"50; 272; 531"
10.000.00252/2017;10000002522017_7072946_inicial_p2.pdf ;50;36;"50; 272; 531"
10.000.00293/2017;10000002932017_6932126_PETICAO_INICIAL.pdf ;50;34;"50; 531; 650; 780"
10.000.00293/2017;10000002932017_6939537_PETICAO_INICIAL.pdf ;50;34;"50; 531; 650; 780"
10.000.00327/2017;10000003272017_6940244_INICIAL.pdf ;47;34;"50; 531; 650; 780"
10.000.00520/2017;10000005202017_7050668_PETICAO_INICIAL.pdf ;50;36;"50; 558"
10.000.00888/2017;10000008882017_7398204_anexo4064952.pdf ;47;7;"103; 531"
10.000.00888/2017;10000008882017_7402337_INICIAL.pdf ;47;7;"103; 531"
10.000.01061/2017;10000010612017_7570075_peticao_inicial.pdf ;50;79;"50; 414; 531"
10.000.01136/2017;10000011362017_7601588_INICIAL.pdf ;227;44;930
10.000.01726/2017;10000017262017_8096195_PETICAO_INICIAL.pdf ;50;29;"50; 531; 603"
10.000.01848/2017;10000018482017_8130867_INICIAL.pdf ;50;23;"50; 114; 558; 749; 963"
11.000.00053/2017;11000000532017_6737034_INICIAL_(3).pdf ;13;27;273
11.000.00290/2017;11000002902017_6965013_INICIAL_(3).pdf ;50;27;"50; 254; 315; 780"
11.000.00291/2017;11000002912017_6965286_INICIAL_(3).pdf ;50;82;"34; 50; 254"
11.000.00294/2017;11000002942017_6952936_INICIAL_(3).pdf ;50;27;"50; 254; 780"
11.000.00295/2017;11000002952017_6952849_INICIAL_(3).pdf ;50;82;"50; 225; 749"
11.000.00296/2017;11000002962017_6955082_INICIAL_(3).pdf ;50;82;"50; 254; 397; 646; 780"
11.000.00297/2017;11000002972017_6965173_INICIAL_(3).pdf ;50;27;"50; 231; 254; 780"
11.000.00299/2017;11000002992017_6724102_INICIAL_(3).pdf ;47;27;231
11.000.00301/2017;11000003012017_6725565_INICIAL_(3).pdf ;50;14;"50; 135; 641; 749"
11.000.00304/2017;11000003042017_6725770_INICIAL_(3).pdf ;227;27;"197; 264; 415; 460; 566"
11.000.00305/2017;11000003052017_6725847_INICIAL_(3).pdf ;50;28;"50; 87; 640; 689; 749"
11.000.00306/2017;11000003062017_6725926_INICIAL_(3).pdf ;50;27;"50; 266; 749; 780"
11.000.00307/2017;11000003072017_6726043_INICIA.pdf ;50;82;"50; 448; 468"
11.000.00308/2017;11000003082017_6726485_INICIAL_(3).pdf ;50;82;"50; 397; 558; 780"
11.000.00309/2017;11000003092017_7165212_INICIAL_(3).pdf ;50;27;"50; 231; 780"
11.000.00309/2017;11000003092017_7165213_Demonstrativo_de_pagamento.pdf ;50;27;"50; 231; 780"
11.000.00310/2017;11000003102017_6735353_INICIAL_(3).pdf ;50;27;"50; 231; 780"
11.000.00368/2017;11000003682017_7205772_INICIAL_(3).pdf ;50;27;"50; 200; 780"
11.000.00369/2017;11000003692017_7166201_INICIAL_(3).pdf ;50;18;"50; 604"
11.000.00370/2017;11000003702017_7207271_INICIAL_(3).pdf ;50;27;"50; 231; 558"
11.000.00371/2017;11000003712017_7205611_INICIAL_(3).pdf ;50;27;"50; 197; 273; 723; 780"
11.000.00388/2017;11000003882017_6776726_inicial.pdf ;50;82;"50; 225; 254; 353; 749"
11.000.00390/2017;11000003902017_6786048_inicial.pdf ;50;27;"50; 254; 315; 780"
11.000.00391/2017;11000003912017_6786292_900490922_-_Inicial.pdf ;50;27;"50; 231; 780"
11.000.00392/2017;11000003922017_6773090_inicial.pdf ;50;18;"50; 604"
11.000.00393/2017;11000003932017_6750112_INICIAL_(3).pdf ;50;27;"50; 254; 636; 780"
11.000.00394/2017;11000003942017_6750442_INICIAL_(3).pdf ;50;27;"50; 231; 254; 780"
11.000.00395/2017;11000003952017_6751603_INICIAL_(3).pdf ;50;27;"50; 197; 254; 780"
11.000.00395/2017;11000003952017_7251717_Ata.pdf ;50;27;"50; 197; 254; 780"
11.000.00436/2017;11000004362017_7182200_INICIAL_(3).pdf ;50;3;"50; 291; 558; 780"
11.000.00438/2017;11000004382017_7257410_INICIAL_(3).pdf ;47;27;"50; 546; 749; 780"
11.000.00536/2017;11000005362017_6813106_900496962_-_Inicial.pdf ;38;27;"50; 415; 749"
11.000.00537/2017;11000005372017_6811772_INICIAL_(3).pdf ;50;82;"50; 164; 749"
11.000.00541/2017;11000005412017_7185485_INICIAL_(3).pdf ;50;2;"50; 344; 749"
11.000.00542/2017;11000005422017_7206547_INICIAL_(3).pdf ;50;2;"50; 344; 749"
11.000.00545/2017;11000005452017_7205738_INICIAL_(3).pdf ;50;2;"50; 344; 749"
11.000.00546/2017;11000005462017_7185400_INICIAL_(3).pdf ;50;2;"50; 344; 749"
11.000.00547/2017;11000005472017_7170597_INICIAL_(3).pdf ;50;2;"50; 344; 749"
11.000.00548/2017;11000005482017_7205420_INICIAL_(3).pdf ;50;2;"50; 344; 749"
11.000.00549/2017;11000005492017_7205853_INICIAL_(3).pdf ;50;2;"50; 344; 749"
11.000.00553/2017;11000005532017_6998294_INICIAL_(3).pdf ;50;28;"50; 379; 637; 640"
11.000.00553/2017;11000005532017_6998295_DOCUMENTOS.pdf ;50;28;"50; 379; 637; 640"
11.000.00554/2017;11000005542017_6999583_INICIAL_(3).pdf ;50;27;"50; 231; 254; 780"
11.000.00555/2017;11000005552017_6996343_INICIAL_(3).pdf ;50;82;"50; 164; 749"
11.000.00556/2017;11000005562017_6995233_INICIAL_(3).pdf ;50;28;"50; 640"
11.000.00557/2017;11000005572017_6992895_INICIAL_(3).pdf ;50;27;"50; 156; 415; 780"
11.000.00558/2017;11000005582017_6998846_INICIAL_(3).pdf ;50;82;"34; 50; 254; 397"
11.000.00560/2017;11000005602017_6993890_INICIAL_(3).pdf ;47;82;"164; 254"
11.000.00560/2017;11000005602017_6993925_INICIAL_(3).pdf ;47;82;"164; 254"
11.000.00561/2017;11000005612017_7165043_INICIAL_compressed.pdf ;50;27;"50; 273"
11.000.00601/2017;11000006012017_6792930_30448920164013819.pdf ;50;82;"34; 50; 613; 780"
11.000.00601/2017;11000006012017_6834189_30448920164013819.pdf ;50;82;"34; 50; 613; 780"
11.000.00604/2017;11000006042017_6792789_36866220164013819.pdf ;50;27;"50; 315; 780"
11.000.00605/2017;11000006052017_6792790_41014520164013819.pdf ;50;82;"50; 397; 641; 749"
11.000.00608/2017;11000006082017_6792620_41360520164013819.pdf ;28;27;231
11.000.00611/2017;11000006112017_6792263_25339120164013819.pdf ;50;28;"50; 637; 749"
11.000.00647/2017;11000006472017_6814081_PETICAO_INICIAL1-1.pdf ;43;9;366
11.000.00647/2017;11000006472017_6901276_61065820164013813-INICIAL.pdf ;43;9;366
11.000.01274/2017;11000012742017_7154920_INICIAL_compressed_(5).pdf ;47;8;"937; 939"
11.000.01514/2017;11000015142017_7017461_inicial_angela.pdf ;47;7;103
11.000.01533/2017;11000015332017_7110961_Mirian_peticao_inicial.pdf ;47;7;103
11.000.01557/2017;11000015572017_7013169_inicial.pdf ;47;45;928
11.000.03563/2017;11000035632017_7608064_inicial.pdf ;10;12;"128; 129; 134; 135; 447; 480; 481; 531"
11.000.05035/2017;11000050352017_7905965_5975620104013814.pdf ;10;12;"128; 135; 481; 531"
11.000.05697/2017;11000056972017_8051546_peticao_inicial.pdf ;43;9;366
11.000.05697/2017;11000056972017_8051547_liminar_indeferida.pdf ;43;9;366
11.000.05697/2017;11000056972017_8107719_10014634520174013800.pdf ;43;9;366
11.000.05791/2017;11000057912017_8072676_17145020174013810.pdf ;50;81;"50; 54; 558; 749"
11.000.05914/2017;11000059142017_8142115_inicial.pdf ;50;28;"50; 640"
11.000.05915/2017;11000059152017_8137509_inicial.pdf ;50;15;"50; 248; 943"
11.000.05916/2017;11000059162017_8135804_inicial.pdf ;50;82;"50; 353"
11.000.05917/2017;11000059172017_8137735_inicial.pdf ;50;27;"50; 643; 780"
11.000.05918/2017;11000059182017_8135920_inicial.pdf ;50;27;"50; 265; 780"
11.000.05921/2017;11000059212017_8135629_inicial.pdf ;47;3;"291; 935"
11.001.00314/2017;11001003142017_7225475_00003970220174013815.pdf ;50;81;"50; 54; 225; 558"
11.003.00024/2017;11003000242017_6685179_00030646520164013824.pdf ;50;14;"50; 641; 749"
11.003.00035/2017;11003000352017_6696386_00030923320164013824.pdf ;47;18;"394; 566; 604"
11.003.00037/2017;11003000372017_6704432_00042958420164013806.pdf ;50;27;"50; 197; 415; 558; 780"
11.003.00037/2017;11003000372017_8031360_INICIAL.pdf ;50;27;"50; 197; 415; 558; 780"
12.000.00107/2017;12000001072017_6759377_INICIAL_-_ALINE_PINHEIRO.pdf ;237;28;"50; 230; 640"
12.000.00109/2017;12000001092017_6760731_INICIAL_-_LIONEL_BARBALHO.pdf ;237;28;"50; 780"
12.000.00111/2017;12000001112017_6759742_INICIAL_-_ANTONIO_PEREIRA_DOS_SANTOS.doc ;50;14;"50; 135; 681; 749"
12.000.00206/2017;12000002062017_6776642_anexo7115239.zip ;50;82;"50; 558; 749"
12.000.01042/2017;12000010422017_7169687_Inicial.pdf ;43;23;716
12.001.00007/2017;12001000072017_6922257_Inicial_Tania_Maria_Ramalho.pdf ;47;27;"50; 231; 558; 749"
16.000.00003/2017;16000000032017_6626319_p.i..pdf ;10;82;"641; 749"
16.000.00004/2017;16000000042017_6626401_p.i..pdf ;50;27;"81; 266"
16.000.00040/2017;16000000402017_6701913_446-PETICAO_INICIAL.PDF ;50;82;"558; 642"
16.000.00048/2017;16000000482017_6720066_MANDADO_DE_CITACAO_E_INTIMACAO.pdf ;47;26;56
16.000.00072/2017;16000000722017_6762050_77-PETICAO_INICIAL.PDF ;50;28;"50; 207; 640"
16.000.00075/2017;16000000752017_6750703_98-PETICAO_INICIAL.PDF ;50;28;"50; 780"
16.000.00083/2017;16000000832017_6755413_PETICAO_INICIAL.pdf ;50;82;"50; 990"
16.000.00084/2017;16000000842017_6755478_PETICAO_INICIAL.pdf ;50;82;"50; 558; 780"
16.000.00086/2017;16000000862017_6755532_PETICAO_INICIAL.pdf ;50;82;"50; 558; 749; 758"
16.000.00089/2017;16000000892017_6756068_PETICAO_INICIAL.pdf ;50;82;"50; 990"
16.000.00139/2017;16000001392017_6799962_2417-18.216.4.01.4003.pdf ;50;82;"34; 50; 558; 749"
16.000.00171/2017;16000001712017_6817760_2178-14.2016.4.01.4003.pdf ;50;34;"50; 558; 780"
16.000.00171/2017;16000001712017_6817761_2178-14.2016.4.01.4003_1.pdf ;50;34;"50; 558; 780"
16.000.00559/2017;16000005592017_7010388_PETICAO_INICIAL.PDF ;10;7;103
16.000.00573/2017;16000005732017_7009932_PETICAO_INICIAL.PDF ;47;7;103
16.000.00606/2017;16000006062017_7017604_PETICAO_INICIAL.PDF ;10;7;103
16.000.00653/2017;16000006532017_7039204_PETICAO_INICIAL.PDF ;50;33;"50; 558; 749; 780"
16.000.00659/2017;16000006592017_7039528_ACAO_DE_OBRIGACAO_DE_FAZER_PETICAO_INICIAL.PDF ;50;35;"50; 558; 651; 749"
16.000.00698/2017;16000006982017_7073021_PETICAO_INICIAL.PDF ;67;7;103
16.000.01296/2017;16000012962017_7422356_MANDADO_DE_CITACAO_290317.pdf ;67;12;"128; 134"
16.000.01296/2017;16000012962017_7422357_peticao_1.pdf ;67;12;"128; 134"
16.000.01296/2017;16000012962017_7422358_peticao_2.pdf ;67;12;"128; 134"
16.000.01565/2017;16000015652017_7814120_PETICAO_INICIAL.PDF ;50;29;"50; 164; 603; 749"
